ID,Country,State,Latitude,Longitude,Pra_hap,Sex,Year_Collected,DIYABC_Sex,POP,Approach1,Approach1_avg,Approach2,Approach2_avg,Approach3,Approach3_avg
Pr_1155,Gibraltar,Gibraltar,36.126916,-5.349197,Pra2,M,2015,F,0,NA,NA,NA,NA,NA,NA
Pr_125,USA,Oregon,42.2425,-122.7476389,Pra2,M,2014,F,0,NA,NA,NA,NA,NA,NA
Pr_131,USA,Oregon,42.2425,-122.7476389,Pra3,M,2014,F,0,NA,NA,NA,NA,NA,NA
Pr_1376,Austria,Upper_Austria,47.887867,14.551708,NA,M,2015,F,0,NA,NA,NA,NA,NA,NA
Pr_1472,USA,Iowa,43.4066,-91.5636,Pra3,M,2015,F,0,NA,NA,NA,NA,NA,NA
Pr_1478,USA,Iowa,43.3179,-91.8124,Pra3,F,2015,M,0,NA,NA,NA,NA,NA,NA
Pr_1488,USA,Iowa,43.3186,-91.8228,Pra3,F,2015,M,0,NA,NA,NA,NA,NA,NA
Pr_1491,USA,Iowa,43.4379,-92.006,Pra3,F,2015,M,0,NA,NA,NA,NA,NA,NA
Pr_1496,USA,Iowa,43.4358,-92.3853,Pra3,M,2015,F,0,NA,NA,NA,NA,NA,NA
Pr_1497,USA,Iowa,43.4358,-92.3853,Pra3,F,2015,M,0,NA,NA,NA,NA,NA,NA
Pr_1515,New_Zealand,Canterbury,-43.53321,172.560738,Pra1,F,2016,M,0,NA,NA,NA,NA,NA,NA
Pr_1856,USA,Illinois,40.74542,-89.568677,Pra3,M,2016,F,0,NA,NA,NA,NA,NA,NA
Pr_1865,USA,Michigan,45.529169,-84.46795,Pra3,F,2016,M,0,NA,NA,NA,NA,NA,NA
Pr_1868,USA,Michigan,45.529169,-84.46795,Pra4,F,2016,M,0,NA,NA,NA,NA,NA,NA
Pr_1876,USA,Tennessee,35.27438,-86.464454,Pra3,M,2016,F,0,NA,NA,NA,NA,NA,NA
Pr_1877,USA,California,37.34889,-122.0225,Pra3,M,2016,F,0,NA,NA,NA,NA,NA,NA
Pr_1895,USA,Virginia,37.23929,-80.45876,Pra3,M,2016,F,0,NA,NA,NA,NA,NA,NA
Pr_1896,USA,Virginia,37.23929,-80.45876,Pra3,M,2016,F,0,NA,NA,NA,NA,NA,NA
Pr_1899,USA,Colorado,40.02461,-105.2312,Pra3,M,2016,F,0,NA,NA,NA,NA,NA,NA
Pr_1901,USA,Colorado,40.5772,-105.0799,Pra3,F,2016,M,0,NA,NA,NA,NA,NA,NA
Pr_1917,Italy,Tuscan_Islands,42.364,10.9,Pra2,F,2012,M,0,NA,NA,NA,NA,NA,NA
Pr_1918,France,Alpes-Maritimes,44.201,7.074,Pra2,M,2012,F,0,NA,NA,NA,NA,NA,NA
Pr_1919,France,Aude,42.925,2.958,Pra4,M,2012,F,0,NA,NA,NA,NA,NA,NA
Pr_1920,France,Hérault,43.516,3.668,Pra2,M,2012,F,0,NA,NA,NA,NA,NA,NA
Pr_1924,Italy,Grosseto,42.458,11.421,Pra2,M,2013,F,0,NA,NA,NA,NA,NA,NA
Pr_1926,Sweden,Stockholm_County,59.630212,18.520505,Pra2,F,2013,M,0,NA,NA,NA,NA,NA,NA
Pr_1927,Sweden,Stockholm_County,59.749,18.656,Pra49,M,2013,F,0,NA,NA,NA,NA,NA,NA
Pr_1941,Romania,Dobrogea,44.4681,28.4859,Pra36,M,2014,F,0,NA,NA,NA,NA,NA,NA
Pr_1946,Algeria,Tiaret,35.19,1.13,Pra2,F,2009,M,0,NA,NA,NA,NA,NA,NA
Pr_1948,Algeria,Bordj_Bou_Arréridj,35.86,4.75,Pra35,M,NA,F,0,NA,NA,NA,NA,NA,NA
Pr_1967,China,Jilin,43.820784,127.414457,Pra7,M,2012,F,0,NA,NA,NA,NA,NA,NA
Pr_1968,Ukraine,Chernihiv_region,51.01,31.9,Pra2,F,2014,M,0,NA,NA,NA,NA,NA,NA
Pr_1969,Ukraine,Kharkov,50.183333,36.4,Pra2,M,2014,F,0,NA,NA,NA,NA,NA,NA
Pr_1970,England,Oxfordshire,51.75,-1.18,Pra47,M,2014,F,0,NA,NA,NA,NA,NA,NA
Pr_1971,England,Buckinghamshire,51.74,-0.8,Pra2,M,2014,F,0,NA,NA,NA,NA,NA,NA
Pr_1972,England,Devon,50.57,-3.9,Pra5,M,2014,F,0,NA,NA,NA,NA,NA,NA
Pr_1977,France,Charente-Maritime,46.29894898,-1.096663987,Pra2,M,2015,F,0,NA,NA,NA,NA,NA,NA
Pr_1978,France,Vendee,46.432597,-1.026680963,Pra2,F,2015,M,0,NA,NA,NA,NA,NA,NA
Pr_1980,France,Jura,46.365411,5.898327,Pra2,M,2015,F,0,NA,NA,NA,NA,NA,NA
Pr_2006,Algeria,Annaba,36.911389,7.756667,Pra2,M,2015,F,0,NA,NA,NA,NA,NA,NA
Pr_2007,China,Sichuan,31.14,104.4,Pra22,M,2016,F,0,NA,NA,NA,NA,NA,NA
Pr_2008,China,Shandong,36.76,118,Pra1,M,2016,F,0,NA,NA,NA,NA,NA,NA
Pr_2013,Tunisia,Mateur,37.177,9.725,Pra25,F,2008,M,0,NA,NA,NA,NA,NA,NA
Pr_2014,Morocco,Marrakesh,31.262,-7.82,Pra1,M,2006,F,0,NA,NA,NA,NA,NA,NA
Pr_2026,Greece,Crete,35.3,23.7,Pra2,F,2012,M,0,NA,NA,NA,NA,NA,NA
Pr_2027,Greece,Crete,35.31,23.81,Pra67,M,2012,F,0,NA,NA,NA,NA,NA,NA
Pr_2031,Italy,Trapani,38.01,12.33,Pra2,M,2011,F,0,NA,NA,NA,NA,NA,NA
Pr_2040,France,"Haute-Corse,_Corsica",42.076,9.194,Pra9,M,2011,F,0,NA,NA,NA,NA,NA,NA
Pr_2041,Italy,Sardinia_,39.188,9.146,Pra2,F,2011,M,0,NA,NA,NA,NA,NA,NA
Pr_2049,Spain,"Granada,_Andalucía",37.101,-3.529,Pra2,F,2011,M,0,NA,NA,NA,NA,NA,NA
Pr_2054,Romania,Maramure?,47.755941,23.60743,Pra2,M,2010,F,0,NA,NA,NA,NA,NA,NA
Pr_2055,France,Hautes_Alpes,44.39,5.49,Pra2,F,2010,M,0,NA,NA,NA,NA,NA,NA
Pr_2056,Estonia,Voru_County,57.733,27.358,Pra24,M,2010,F,0,NA,NA,NA,NA,NA,NA
Pr_2057,Estonia,Voru_County,57.733,27.358,Pra9,M,2010,F,0,NA,NA,NA,NA,NA,NA
Pr_2058,Estonia,Voru_County,57.733,27.358,Pra2,M,2010,F,0,NA,NA,NA,NA,NA,NA
Pr_2059,Estonia,Orava_Parish,57.841,27.464,Pra69,M,2010,F,0,NA,NA,NA,NA,NA,NA
Pr_2060,France,Provence-Alpes-Côte_d'Azur,43.596,5.167,Pra14,F,2010,M,0,NA,NA,NA,NA,NA,NA
Pr_2061,Spain,"Pontevedra,_Galicia",42.047,-8.939,Pra65,F,2008,M,0,NA,NA,NA,NA,NA,NA
Pr_2064,Tunisia,Jendouba,36.782,8.751,Pra2,M,2008,F,0,NA,NA,NA,NA,NA,NA
Pr_2065,Spain,"León,_Castilla_y_León",42.417,-5.305,Pra37,M,2008,F,0,NA,NA,NA,NA,NA,NA
Pr_2066,Spain,"Cádiz,_Andalucía",36.838,-5.349,Pra14,M,2008,F,0,NA,NA,NA,NA,NA,NA
Pr_2075,France,Languedoc-Roussillon,42.388,2.102,Pra4,M,2007,F,0,NA,NA,NA,NA,NA,NA
Pr_2087,USA,Michigan,42.319048,-83.237884,Pra3,F,2016,M,0,NA,NA,NA,NA,NA,NA
Pr_2089,Russia,Krasnoyarsk_Krai,59.4458,94.0734,Pra1,M,2015,F,0,NA,NA,NA,NA,NA,NA
Pr_2090,Russia,Krasnoyarsk_Krai,59.4458,94.0734,NA,M,2015,F,0,NA,NA,NA,NA,NA,NA
Pr_2096,Russia,Republic_of_Bashkortostan,53.9067,56.4749,Pra2,M,2016,F,0,NA,NA,NA,NA,NA,NA
Pr_2099,Russia,Republic_of_Bashkortostan,53.9067,56.4749,Pra2,F,2016,M,0,NA,NA,NA,NA,NA,NA
Pr_2100,Russia,Republic_of_Bashkortostan,53.9067,56.4749,Pra2,F,2016,M,0,NA,NA,NA,NA,NA,NA
Pr_2111,South_Korea,Chungeong,36.447821,126.880218,Pra72,F,2011,M,0,NA,NA,NA,NA,NA,NA
Pr_2112,South_Korea,Chungeong,36.447821,126.880218,Pra73,M,2011,F,0,NA,NA,NA,NA,NA,NA
Pr_2117,South_Korea,Gyeonggi-do,37.167431,127.063413,Pra74,F,2006,M,0,NA,NA,NA,NA,NA,NA
Pr_2123,South_Korea,Gyeonggi-do,37.423501,126.421513,NA,F,2003,M,0,NA,NA,NA,NA,NA,NA
Pr_347,USA,Kansas,38.96371,-95.24075,Pra3,M,2004,F,0,NA,NA,NA,NA,NA,NA
Pr_63,USA,Georgia,33.871836,-83.106556,Pra3,F,2014,M,0,NA,NA,NA,NA,NA,NA
Pr_775,Portugal,Leiria,40.012261,-8.7261,NA,M,2014,F,0,NA,NA,NA,NA,NA,NA
Pr_779,England,Essex,51.94576,0.44454,Pra1,M,2011,F,0,NA,NA,NA,NA,NA,NA
Pr_784,England,Essex,51.94576,0.44454,Pra33,M,2011,F,0,NA,NA,NA,NA,NA,NA
Pr_793,Finland,Helsinki,60.227931,25.039943,Pra35,M,2011,F,0,NA,NA,NA,NA,NA,NA
Pr_84,USA,Georgia,33.906608,-83.1894,Pra3,F,2014,M,0,NA,NA,NA,NA,NA,NA
Pr_869,Spain,Castilla-La_Mancha,40.580976,-3.252463,Pra37,M,2013,F,0,NA,NA,NA,NA,NA,NA
Pr_911,Australia,Western_Australia,-31.985341,115.896047,Pra1,M,2014,F,0,NA,NA,NA,NA,NA,NA
Pr_913,Australia,Western_Australia,-31.985341,115.896047,Pra1,M,2014,F,0,NA,NA,NA,NA,NA,NA
Pr_914,Australia,Western_Australia,-31.985341,115.896047,Pra1,M,2014,F,0,NA,NA,NA,NA,NA,NA
Pr_915,Australia,Western_Australia,-31.985234,115.896047,Pra2,M,2014,F,0,NA,NA,NA,NA,NA,NA
Pr_916,Australia,Western_Australia,-31.981734,115.916432,Pra1,F,2014,M,0,NA,NA,NA,NA,NA,NA
Pr_919,Georgia,Kakheti,42.000025,45.571631,Pra1,M,2014,F,0,NA,NA,NA,NA,NA,NA
Pr_922,Georgia,Kakheti,42.000025,45.571631,Pra22,M,2014,F,0,NA,NA,NA,NA,NA,NA
Pr_923,Georgia,Kakheti,42.000025,45.571631,Pra10,F,2014,M,0,NA,NA,NA,NA,NA,NA
Pr_991,Canada,Ontario,43,-81.29,Pra3,F,NA,M,0,NA,NA,NA,NA,NA,NA
Pr_1915,Algeria,Bouira,36.446,4.113,Pra25,M,2012,F,1.1,POP1,2012,POP1,2012,POP1,2012
Pr_1916,Algeria,Béjaïa,36.63,4.598,Pra2,M,2012,F,1.1,POP1,2012,POP1,2012,POP1,2012
Pr_1925,Algeria,Tougourt,33.104,6.088,Pra35,M,2013,F,1.1,POP1,2012,POP1,2012,POP1,2012
Pr_1947,Algeria,M'sila,35.75,4.55,Pra25,F,2013,M,1.1,POP1,2012,POP1,2012,POP1,2012
Pr_2015,Algeria,Béjaïa,36.594,4.608,Pra2,M,2012,F,1.1,POP1,2012,POP1,2012,POP1,2012
Pr_2016,Algeria,Sétif,36.257,5.245,Pra35,F,2012,M,1.1,POP1,2012,POP1,2012,POP1,2012
Pr_2017,Algeria,Sétif,36.329,5.36,Pra1,M,2012,F,1.1,POP1,2012,POP1,2012,POP1,2012
Pr_2018,Algeria,M'sila,35.326,4.297,Pra25,F,2012,M,1.1,POP1,2012,POP1,2012,POP1,2012
Pr_2030,Algeria,M'sila,35.22,4.19,Pra68,F,2011,M,1.1,POP1,2012,POP1,2012,POP1,2012
Pr_2028,Morocco,Fahs Anjra,35.702,-5.629,Pra25,M,2012,F,1.2,POP1,2012,POP1,2012,POP1,2012
Pr_2029,Morocco,Tangier-Assilah,35.469,-5.817,Pra14,M,2012,F,1.2,POP1,2012,POP1,2012,POP1,2012
Pr_2032,Morocco,Ifrane,32.993,-5.075,Pra2,M,2011,F,1.2,POP1,2012,POP1,2012,POP1,2012
Pr_2033,Morocco,Ifrane,33.48,-5.023,Pra2,M,2011,F,1.2,POP1,2012,POP1,2012,POP1,2012
Pr_2034,Morocco,Ifrane,34.078,-4.12,Pra25,M,2011,F,1.2,POP1,2012,POP1,2012,POP1,2012
Pr_2035,Morocco,Ifrane,34.121,-4.039,Pra25,M,2011,F,1.2,POP1,2012,POP1,2012,POP1,2012
Pr_2036,Morocco,Ifrane,34.145,-4.01,Pra25,M,2011,F,1.2,POP1,2012,POP1,2012,POP1,2012
Pr_2037,Morocco,Berkane,34.817,-2.412,Pra25,F,2011,M,1.2,POP1,2012,POP1,2012,POP1,2012
Pr_2038,Morocco,Chefchaouen,34.994,-4.832,Pra25,M,2011,F,1.2,POP1,2012,POP1,2012,POP1,2012
Pr_2039,Morocco,Chefchaouen,35.119,-5.194,Pra25,M,2011,F,1.2,POP1,2012,POP1,2012,POP1,2012
Pr_2050,Morocco,Annoceur,33.662,-4.854,Pra25,F,2011,M,1.2,POP1,2012,POP1,2012,POP1,2012
Pr_1921,Tunisia,Bizerte,37.252,9.79,Pra2,M,2013,F,1.3,POP1,2012,POP1,2012,POP1,2012
Pr_1922,Tunisia,Ariana,37.164,10.11,Pra25,M,2013,F,1.3,POP1,2012,POP1,2012,POP1,2012
Pr_1923,Tunisia,Kef,35.931,8.544,Pra2,F,2013,M,1.3,POP1,2012,POP1,2012,POP1,2012
Pr_2019,Tunisia,Kasserine,35.411,8.604,Pra25,M,2012,F,1.3,POP1,2012,POP1,2012,POP1,2012
Pr_2020,Tunisia,Kebili,33.407,9.008,Pra1,M,2012,F,1.3,POP1,2012,POP1,2012,POP1,2012
Pr_2021,Tunisia,Tozeur,33.942,8.173,Pra2,F,2012,M,1.3,POP1,2012,POP1,2012,POP1,2012
Pr_2022,Tunisia,Gafsa,34.345,8.329,Pra25,M,2012,F,1.3,POP1,2012,POP1,2012,POP1,2012
Pr_2023,Tunisia,Kairuan,35.425,9.571,Pra25,F,2012,M,1.3,POP1,2012,POP1,2012,POP1,2012
Pr_2024,Tunisia,Siliana,36.116,9.656,Pra25,M,2012,F,1.3,POP1,2012,POP1,2012,POP1,2012
Pr_2025,Tunisia,Zaghouan,36.415,9.916,Pra25,M,2012,F,1.3,POP1,2012,POP1,2012,POP1,2012
Pr_1928,Greece,Drama,41.312,24.052,Pra59,F,2013,M,2.1,NA,NA,NA,NA,NA,NA
Pr_1929,Bulgaria,Blagoevgrad_Province,41.766,23.402,Pra23,M,2013,F,2.1,NA,NA,NA,NA,NA,NA
Pr_1930,Bulgaria,Blagoevgrad_Province,41.474,24.062,Pra2,M,2013,F,2.1,NA,NA,NA,NA,NA,NA
Pr_1931,Bulgaria,Blagoevgrad_Province,41.474,24.062,Pra2,M,2013,F,2.1,NA,NA,NA,NA,NA,NA
Pr_1932,Bulgaria,Smolyan_Province,41.612,24.181,Pra15,M,2013,F,2.1,NA,NA,NA,NA,NA,NA
Pr_1933,Bulgaria,Stambolovo,41.611,25.654,Pra60,F,2014,M,2.1,NA,NA,NA,NA,NA,NA
Pr_1934,Bulgaria,Stambolovo,41.611,25.654,Pra24,M,2014,F,2.1,NA,NA,NA,NA,NA,NA
Pr_1935,Bulgaria,Stambolovo,41.611,25.654,Pra1,M,2014,F,2.1,NA,NA,NA,NA,NA,NA
Pr_1936,Greece,Eastern_Macedonia_and_Thrace,40.961,26.066,Pra2,F,2014,M,2.1,NA,NA,NA,NA,NA,NA
Pr_1937,Greece,Epirus,40.227,20.955,Pra61,F,2014,M,2.1,NA,NA,NA,NA,NA,NA
Pr_1938,Greece,Eastern_Macedonia_and_Thrace,41.14,26.244,Pra4,M,2014,F,2.1,NA,NA,NA,NA,NA,NA
Pr_1939,Greece,Dytiki_Makedonia,40.564,21.23,Pra2,M,2014,F,2.1,NA,NA,NA,NA,NA,NA
Pr_1940,Greece,Epirus,39.221,20.84,Pra2,M,2014,F,2.1,NA,NA,NA,NA,NA,NA
Pr_1942,Greece,Thessalia,39.1328,22.8374,Pra2,M,2014,F,2.1,NA,NA,NA,NA,NA,NA
Pr_1943,Greece,Dytiki_Makedonia,40.3201,21.6486,Pra2,M,2014,F,2.1,NA,NA,NA,NA,NA,NA
Pr_1944,Greece,Sterea_Ellada,38.4791,22.5057,Pra5,M,2014,F,2.1,NA,NA,NA,NA,NA,NA
Pr_1945,Greece,Peloponnesos,38.0213,22.2328,Pra2,F,2014,M,2.1,NA,NA,NA,NA,NA,NA
Pr_944,Czech_Republic,Olomouc_Region,49.5,17,Pra4,M,2014,F,2.2,POP2,2014,NA,NA,NA,NA
Pr_946,Czech_Republic,Olomouc_Region,49.5,17,Pra48,M,2014,F,2.2,POP2,2014,NA,NA,NA,NA
Pr_948,Czech_Republic,Olomouc_Region,49.5,17,Pra2,F,2014,M,2.2,POP2,2014,NA,NA,NA,NA
Pr_950,Czech_Republic,Olomouc_Region,49.5,17,Pra9,M,2014,F,2.2,POP2,2014,NA,NA,NA,NA
Pr_951,Czech_Republic,Olomouc_Region,49.5,17,Pra31,M,2014,F,2.2,POP2,2014,NA,NA,NA,NA
Pr_954,Czech_Republic,Olomouc_Region,49.5,17,Pra2,M,2014,F,2.2,POP2,2014,NA,NA,NA,NA
Pr_955,Czech_Republic,Olomouc_Region,49.5,17,Pra14,M,2014,F,2.2,POP2,2014,NA,NA,NA,NA
Pr_957,Czech_Republic,Olomouc_Region,49.5,17,Pra2,M,2014,F,2.2,POP2,2014,NA,NA,NA,NA
Pr_959,Czech_Republic,Olomouc_Region,49.5,17,Pra4,M,2014,F,2.2,POP2,2014,NA,NA,NA,NA
Pr_960,Czech_Republic,Olomouc_Region,49.5,17,Pra2,M,2014,F,2.2,POP2,2014,NA,NA,NA,NA
Pr_961,Czech_Republic,Olomouc_Region,49.5,17,Pra2,M,2014,F,2.2,POP2,2014,NA,NA,NA,NA
Pr_965,Czech_Republic,Olomouc_Region,49.5,17,Pra47,M,2014,F,2.2,POP2,2014,NA,NA,NA,NA
Pr_970,Czech_Republic,Olomouc_Region,49.5,17,Pra1,M,2014,F,2.2,POP2,2014,NA,NA,NA,NA
Pr_975,Czech_Republic,Olomouc_Region,49.5,17,Pra2,M,2014,F,2.2,POP2,2014,NA,NA,NA,NA
Pr_976,Czech_Republic,Olomouc_Region,49.5,17,Pra9,M,2014,F,2.2,POP2,2014,NA,NA,NA,NA
Pr_977,Czech_Republic,Olomouc_Region,49.5,17,Pra49,M,2014,F,2.2,POP2,2014,NA,NA,NA,NA
Pr_982,Czech_Republic,Olomouc_Region,49.5,17,Pra4,M,2014,F,2.2,POP2,2014,NA,NA,NA,NA
Pr_983,Czech_Republic,Olomouc_Region,49.5,17,Pra2,M,2014,F,2.2,POP2,2014,NA,NA,NA,NA
Pr_985,Czech_Republic,Olomouc_Region,49.5,17,Pra2,M,2014,F,2.2,POP2,2014,NA,NA,NA,NA
Pr_988,Czech_Republic,Olomouc_Region,49.5,17,Pra24,F,2014,M,2.2,POP2,2014,NA,NA,NA,NA
Pr_1878,England,East_of_England,52.01358,0.246583,Pra50,M,2016,F,2.3,NA,NA,POP2,2016,NA,NA
Pr_1879,England,East_of_England,52.01358,0.246583,Pra4,F,2016,M,2.3,NA,NA,POP2,2016,NA,NA
Pr_1880,England,East_of_England,52.01358,0.246583,Pra2,M,2016,F,2.3,NA,NA,POP2,2016,NA,NA
Pr_1881,England,East_of_England,52.01358,0.246583,Pra31,M,2016,F,2.3,NA,NA,POP2,2016,NA,NA
Pr_1882,England,East_of_England,52.01358,0.246583,Pra1,F,2016,M,2.3,NA,NA,POP2,2016,NA,NA
Pr_1883,England,East_of_England,52.01358,0.246583,Pra31,F,2016,M,2.3,NA,NA,POP2,2016,NA,NA
Pr_1884,England,East_of_England,52.01358,0.246583,Pra47,M,2016,F,2.3,NA,NA,POP2,2016,NA,NA
Pr_1885,England,East_of_England,52.01358,0.246583,Pra56,F,2016,M,2.3,NA,NA,POP2,2016,NA,NA
Pr_1886,England,East_of_England,52.01358,0.246583,Pra2,F,2016,M,2.3,NA,NA,POP2,2016,NA,NA
Pr_1887,England,East_of_England,52.01358,0.246583,Pra57,M,2016,F,2.3,NA,NA,POP2,2016,NA,NA
Pr_1888,England,East_of_England,52.01358,0.246583,Pra36,M,2016,F,2.3,NA,NA,POP2,2016,NA,NA
Pr_1889,England,East_of_England,52.01358,0.246583,Pra4,F,2016,M,2.3,NA,NA,POP2,2016,NA,NA
Pr_1890,England,East_of_England,52.01358,0.246583,Pra36,M,2016,F,2.3,NA,NA,POP2,2016,NA,NA
Pr_1891,England,East_of_England,52.01358,0.246583,Pra1,F,2016,M,2.3,NA,NA,POP2,2016,NA,NA
Pr_1892,England,East_of_England,52.01358,0.246583,Pra4,M,2016,F,2.3,NA,NA,POP2,2016,NA,NA
Pr_1974,Spain,Salamanca,40.33617899,-5.785733974,Pra14,M,2015,F,2.4,NA,NA,NA,NA,POP2,2015
Pr_1975,Spain,Cáceres,40.02397497,-5.729586035,Pra1,M,2015,F,2.4,NA,NA,NA,NA,POP2,2015
Pr_1976,France,Landes,43.68245803,-0.999665,Pra14,M,2015,F,2.4,NA,NA,NA,NA,POP2,2015
Pr_1979,France,Lot-et-Garonne,44.49607101,0.153514976,Pra14,F,2015,M,2.4,NA,NA,NA,NA,POP2,2015
Pr_1982,Spain,Tarragona,41.528,1.23,Pra1,M,2015,F,2.4,NA,NA,NA,NA,POP2,2015
Pr_1984,Spain,Cuenca,40.6181,-2.7201,Pra1,M,2015,F,2.4,NA,NA,NA,NA,POP2,2015
Pr_1985,Spain,Albacete,39.1895,-1.7449,Pra65,F,2015,M,2.4,NA,NA,NA,NA,POP2,2015
Pr_1986,Spain,Toledo,39.5394,-3.2398,Pra2,F,2015,M,2.4,NA,NA,NA,NA,POP2,2015
Pr_1987,Spain,Zaragoza,41.2908,-1.5117,Pra14,M,2015,F,2.4,NA,NA,NA,NA,POP2,2015
Pr_1988,Spain,"Lleida,_Catalonia",41.6121,1.1821,Pra2,F,2016,M,2.4,NA,NA,NA,NA,POP2,2015
Pr_842,Spain,Catalunya,42.009148,2.472252,NA,M,2014,F,2.4,NA,NA,NA,NA,POP2,2015
Pr_867,Spain,Castilla-La_Mancha,40.581326,-3.25164,Pra15,M,2014,F,2.4,NA,NA,NA,NA,POP2,2015
Pr_876,Spain,Castilla-La_Mancha,40.57021,-3.152068,Pra2,M,2014,F,2.4,NA,NA,NA,NA,POP2,2015
Pr_877,Spain,Castilla-La_Mancha,40.901535,-3.020662,Pra38,M,2014,F,2.4,NA,NA,NA,NA,POP2,2015
Pr_879,Spain,Community_of_Madrid,40.49744,-3.26036,Pra1,M,2014,F,2.4,NA,NA,NA,NA,POP2,2015
Pr_880,Spain,Community_of_Madrid,40.45856,-3.3409,Pra14,M,2014,F,2.4,NA,NA,NA,NA,POP2,2015
Pr_882,Spain,Community_of_Madrid,40.45869,-3.34017,Pra14,M,2014,F,2.4,NA,NA,NA,NA,POP2,2015
Pr_1381,Italy,South_Tyrol,46.654381,11.042914,Pra15,M,2015,F,2.5,NA,NA,NA,NA,NA,NA
Pr_1382,Italy,South_Tyrol,46.654381,11.042914,Pra14,M,2015,F,2.5,NA,NA,NA,NA,NA,NA
Pr_1383,Italy,South_Tyrol,46.654381,11.042914,Pra2,M,2015,F,2.5,NA,NA,NA,NA,NA,NA
Pr_1384,Italy,South_Tyrol,46.654381,11.042914,Pra2,F,2015,M,2.5,NA,NA,NA,NA,NA,NA
Pr_1385,Italy,South_Tyrol,46.654381,11.042914,Pra2,M,2015,F,2.5,NA,NA,NA,NA,NA,NA
Pr_1386,Italy,South_Tyrol,46.654381,11.042914,Pra14,M,2015,F,2.5,NA,NA,NA,NA,NA,NA
Pr_1973,Italy,Matera,40.667098,16.613885,Pra2,F,2015,M,2.5,NA,NA,NA,NA,NA,NA
Pr_1981,Italy,Tuscany,43.4477,11.8043,Pra1,F,2015,M,2.5,NA,NA,NA,NA,NA,NA
Pr_1983,Italy,Toscana,42.577,11.142,NA,F,2015,M,2.5,NA,NA,NA,NA,NA,NA
Pr_1989,Italy,Emilia,44.931,10.366,Pra36,M,2015,F,2.5,NA,NA,NA,NA,NA,NA
Pr_2042,Malta,Gozo_Island,36.042,14.274,Pra1,M,2011,F,2.6,NA,NA,NA,NA,NA,NA
Pr_2043,Malta,Gozo_Island,36.042,14.274,Pra2,M,2011,F,2.6,NA,NA,NA,NA,NA,NA
Pr_2044,Malta,Gozo_Island,36.042,14.274,Pra2,M,2011,F,2.6,NA,NA,NA,NA,NA,NA
Pr_2045,Malta,Gozo_Island,36.042,14.274,Pra36,M,2011,F,2.6,NA,NA,NA,NA,NA,NA
Pr_2046,Malta,Southern_Region,35.859,14.4,NA,F,2011,M,2.6,NA,NA,NA,NA,NA,NA
Pr_2047,Malta,Southern_Region,35.859,14.4,Pra36,M,2011,F,2.6,NA,NA,NA,NA,NA,NA
Pr_2048,Malta,Southern_Region,35.859,14.4,Pra2,M,2011,F,2.6,NA,NA,NA,NA,NA,NA
Pr_2051,Malta,Malta_Majjistral,35.902,14.407,NA,F,2010,M,2.6,NA,NA,NA,NA,NA,NA
Pr_2052,Malta,Malta_Majjistral,35.902,14.407,Pra2,M,2010,F,2.6,NA,NA,NA,NA,NA,NA
Pr_2053,Malta,Malta_Majjistral,35.902,14.407,Pra2,M,2010,F,2.6,NA,NA,NA,NA,NA,NA
Pr_1994,Poland,West_Pomerania,52.873,14.2025,Pra1,F,2016,M,2.7,NA,NA,NA,NA,NA,NA
Pr_1995,Poland,Greater_Poland,52.3024,16.8919,Pra1,M,2016,F,2.7,NA,NA,NA,NA,NA,NA
Pr_1996,Poland,Masovia,53.3884,21.576,Pra2,M,2016,F,2.7,NA,NA,NA,NA,NA,NA
Pr_1997,Poland,Podlasie,53.3664,22.542,Pra1,M,2016,F,2.7,NA,NA,NA,NA,NA,NA
Pr_1998,Poland,Lublin,51.449,21.994,Pra2,F,2016,M,2.7,NA,NA,NA,NA,NA,NA
Pr_1999,Poland,Holy_Cross,50.906,20.942,Pra2,M,2016,F,2.7,NA,NA,NA,NA,NA,NA
Pr_2000,Poland,Lesser_Poland,49.6088,19.4961,Pra1,M,2016,F,2.7,NA,NA,NA,NA,NA,NA
Pr_2001,Poland,West_Pomerania,53.4873,16.5533,Pra2,F,2016,M,2.7,NA,NA,NA,NA,NA,NA
Pr_2002,Poland,Kuyavia-Pomerania,53.1589,17.8237,Pra2,M,2016,F,2.7,NA,NA,NA,NA,NA,NA
Pr_2003,Poland,Kuyavia-Pomerania,53.2424,19.2924,Pra66,M,2016,F,2.7,NA,NA,NA,NA,NA,NA
Pr_2004,Poland,Warmia-Masuria,53.4547,20.7364,Pra14,M,2016,F,2.7,NA,NA,NA,NA,NA,NA
Pr_2005,Poland,Lesser_Poland,49.6088,19.4961,Pra23,F,2016,M,2.7,NA,NA,NA,NA,NA,NA
Pr_2062,Romania,Hunedoara,45.299,22.894,Pra2,F,2008,M,2.8,NA,NA,NA,NA,NA,NA
Pr_2063,Romania,Harghita,46.743,25.664,Pra2,M,2008,F,2.8,NA,NA,NA,NA,NA,NA
Pr_2067,Romania,Prahova,44.93971,26.028603,Pra14,F,2007,M,2.8,NA,NA,NA,NA,NA,NA
Pr_2068,Romania,Vâlcea,45.181,24.114,Pra2,F,2007,M,2.8,NA,NA,NA,NA,NA,NA
Pr_2069,Romania,Cluj,46.779476,23.964765,Pra70,M,2007,F,2.8,NA,NA,NA,NA,NA,NA
Pr_2070,Romania,Buz?u,45.094,26.533,Pra14,M,2007,F,2.8,NA,NA,NA,NA,NA,NA
Pr_2071,Romania,Constan?a,44.061,27.649,Pra2,F,2007,M,2.8,NA,NA,NA,NA,NA,NA
Pr_2072,Romania,Cara?-Severin,45.175,22.301,Pra2,M,2007,F,2.8,NA,NA,NA,NA,NA,NA
Pr_2073,Romania,Iasi,47.183,27.483,Pra2,F,2007,M,2.8,NA,NA,NA,NA,NA,NA
Pr_2074,Romania,Suceava,47.383,25.483,Pra4,F,2007,M,2.8,NA,NA,NA,NA,NA,NA
Pr_1269,Turkey,Antalya_Province,36.859948,30.767963,Pra21,M,2015,F,2.9,NA,NA,NA,NA,NA,NA
Pr_1270,Turkey,Antalya_Province,36.859948,30.767963,Pra1,M,2015,F,2.9,NA,NA,NA,NA,NA,NA
Pr_1272,Turkey,Antalya_Province,36.859948,30.767963,Pra1,M,2015,F,2.9,NA,NA,NA,NA,NA,NA
Pr_1275,Turkey,Antalya_Province,36.859948,30.767963,Pra2,M,2015,F,2.9,NA,NA,NA,NA,NA,NA
Pr_1276,Turkey,Antalya_Province,36.859948,30.767963,Pra2,F,2015,M,2.9,NA,NA,NA,NA,NA,NA
Pr_1278,Turkey,Antalya_Province,36.859948,30.767963,Pra36,F,2015,M,2.9,NA,NA,NA,NA,NA,NA
Pr_1279,Turkey,Antalya_Province,36.859948,30.767963,Pra1,M,2015,F,2.9,NA,NA,NA,NA,NA,NA
Pr_1109,Australia,New_South_Wales,-34.749872,149.720264,Pra14,F,2015,M,3.1,POP3,2015,NA,NA,NA,NA
Pr_1120,Australia,New_South_Wales,-34.749572,149.720264,Pra14,M,2015,F,3.1,POP3,2015,NA,NA,NA,NA
Pr_1121,Australia,New_South_Wales,-34.74972,149.72027,Pra51,M,2015,F,3.1,POP3,2015,NA,NA,NA,NA
Pr_1160,Australia,New_South_Wales,-33.798056,151.106111,Pra14,F,2015,M,3.1,POP3,2015,NA,NA,NA,NA
Pr_1211,Australia,New_South_Wales,-34.744451,150.824807,Pra14,F,2015,M,3.1,POP3,2015,NA,NA,NA,NA
Pr_1213,Australia,New_South_Wales,-34.744451,150.824807,Pra14,F,2015,M,3.1,POP3,2015,NA,NA,NA,NA
Pr_1215,Australia,New_South_Wales,-34.777778,150.733611,Pra1,M,2015,F,3.1,POP3,2015,NA,NA,NA,NA
Pr_1216,Australia,New_South_Wales,-34.777778,150.733611,Pra1,M,2015,F,3.1,POP3,2015,NA,NA,NA,NA
Pr_1217,Australia,New_South_Wales,-34.777778,150.733611,Pra14,F,2015,M,3.1,POP3,2015,NA,NA,NA,NA
Pr_1513,Australia,New_South_Wales,-33.657665,150.164732,NA,M,2015,F,3.1,POP3,2015,NA,NA,NA,NA
Pr_1514,Australia,New_South_Wales,-33.657665,150.164732,Pra14,M,2015,F,3.1,POP3,2015,NA,NA,NA,NA
Pr_1845,Australia,New_South_Wales,-35.26262,149.06341,Pra14,M,2015,F,3.1,POP3,2015,NA,NA,NA,NA
Pr_1848,Australia,New_South_Wales,-35.26262,149.06341,Pra14,F,2015,M,3.1,POP3,2015,NA,NA,NA,NA
Pr_1849,Australia,New_South_Wales,-35.26262,149.06341,Pra2,M,2015,F,3.1,POP3,2015,NA,NA,NA,NA
Pr_1850,Australia,New_South_Wales,-35.26262,149.06341,Pra14,M,2015,F,3.1,POP3,2015,NA,NA,NA,NA
Pr_1851,Australia,New_South_Wales,-35.26262,149.06341,Pra14,M,2015,F,3.1,POP3,2015,NA,NA,NA,NA
Pr_1852,Australia,New_South_Wales,-35.26262,149.06341,Pra1,M,2016,F,3.1,POP3,2015,NA,NA,NA,NA
Pr_1156,Australia,Queensland,-26.429167,152.761389,Pra2,F,2015,M,3.2,NA,NA,POP3,2016,NA,NA
Pr_1498,Australia,Queensland,-26.428611,152.761111,Pra14,M,2016,F,3.2,NA,NA,POP3,2016,NA,NA
Pr_1499,Australia,Queensland,-26.428611,152.761111,Pra14,M,2016,F,3.2,NA,NA,POP3,2016,NA,NA
Pr_1502,Australia,Queensland,-26.428611,152.761111,Pra1,M,2016,F,3.2,NA,NA,POP3,2016,NA,NA
Pr_1503,Australia,Queensland,-26.428611,152.761111,Pra2,F,2016,M,3.2,NA,NA,POP3,2016,NA,NA
Pr_1504,Australia,Queensland,-26.428611,152.761111,Pra1,M,2016,F,3.2,NA,NA,POP3,2016,NA,NA
Pr_1507,Australia,Queensland,-26.428611,152.761111,Pra2,M,2016,F,3.2,NA,NA,POP3,2016,NA,NA
Pr_1509,Australia,Queensland,-26.428611,152.761111,Pra2,M,2016,F,3.2,NA,NA,POP3,2016,NA,NA
Pr_1078,Australia,Victoria,-37.8888,145.3361,Pra1,M,2015,F,3.3,NA,NA,NA,NA,POP3,2015
Pr_1086,Australia,Victoria,-37.9638,145.225,Pra1,F,2015,M,3.3,NA,NA,NA,NA,POP3,2015
Pr_1093,Australia,Victoria,-38.04583,145.1,Pra1,M,2015,F,3.3,NA,NA,NA,NA,POP3,2015
Pr_1282,Australia,"Victoria
",-37.870158,145.11636,Pra1,F,2015,M,3.3,NA,NA,NA,NA,POP3,2015
Pr_1308,Australia,"Victoria
",-37.856451,145.071999,Pra1,F,2015,M,3.3,NA,NA,NA,NA,POP3,2015
Pr_1326,Australia,"Victoria
",-37.861739,144.982937,Pra1,F,2015,M,3.3,NA,NA,NA,NA,POP3,2015
Pr_1327,Australia,"Victoria
",-37.835964,145.0346,Pra1,M,2015,F,3.3,NA,NA,NA,NA,POP3,2015
Pr_1333,Australia,"Victoria
",-37.88405,145.14098,Pra1,F,2015,M,3.3,NA,NA,NA,NA,POP3,2015
Pr_1526,Australia,Victoria,-37.024722,145.143333,Pra1,F,2016,M,3.3,NA,NA,NA,NA,POP3,2015
Pr_1527,Australia,Victoria,-37.024444,145.142778,Pra1,F,2016,M,3.3,NA,NA,NA,NA,POP3,2015
Pr_1528,Australia,Victoria,-37.024444,145.142778,Pra1,F,2016,M,3.3,NA,NA,NA,NA,POP3,2015
Pr_1529,Australia,Victoria,-37.024444,145.142778,Pra1,F,2016,M,3.3,NA,NA,NA,NA,POP3,2015
Pr_1810,Australia,Victoria,-37.20512,145.00456,Pra1,F,2015,M,3.3,NA,NA,NA,NA,POP3,2015
Pr_1814,Australia,Victoria,-37.20512,145.00456,Pra1,M,2015,F,3.3,NA,NA,NA,NA,POP3,2015
Pr_1347,USA,New_York,43.1199752,-73.70442,Pra2,F,2015,M,4.1,POP4,2015,NA,NA,NA,NA
Pr_1348,USA,New_York,43.1199752,-73.70442,Pra3,M,2015,F,4.1,POP4,2015,NA,NA,NA,NA
Pr_1349,USA,New_York,43.1199752,-73.70442,Pra5,F,2015,M,4.1,POP4,2015,NA,NA,NA,NA
Pr_1352,USA,New_York,43.1199752,-73.70442,Pra5,F,2015,M,4.1,POP4,2015,NA,NA,NA,NA
Pr_1354,USA,New_York,43.1199752,-73.70442,Pra36,F,2015,M,4.1,POP4,2015,NA,NA,NA,NA
Pr_1355,USA,New_York,43.1199752,-73.70442,Pra3,M,2015,F,4.1,POP4,2015,NA,NA,NA,NA
Pr_1356,USA,New_York,43.1199752,-73.70442,Pra5,F,2015,M,4.1,POP4,2015,NA,NA,NA,NA
Pr_1432,USA,Nova_Scotia,45.1139507,-64.3939161,Pra35,F,2015,M,4.1,POP4,2015,NA,NA,NA,NA
Pr_1434,USA,Nova_Scotia,45.1139507,-64.3939161,Pra3,F,2015,M,4.1,POP4,2015,NA,NA,NA,NA
Pr_1435,USA,Nova_Scotia,45.1139507,-64.3939161,Pra5,F,2015,M,4.1,POP4,2015,NA,NA,NA,NA
Pr_1436,USA,Nova_Scotia,45.1139507,-64.3939161,Pra3,F,2015,M,4.1,POP4,2015,NA,NA,NA,NA
Pr_1437,USA,Nova_Scotia,45.1139507,-64.3939161,Pra3,F,2015,M,4.1,POP4,2015,NA,NA,NA,NA
Pr_1438,USA,Nova_Scotia,45.1139507,-64.3939161,Pra35,F,2015,M,4.1,POP4,2015,NA,NA,NA,NA
Pr_1439,USA,Nova_Scotia,45.1139507,-64.3939161,Pra3,F,2015,M,4.1,POP4,2015,NA,NA,NA,NA
Pr_1440,USA,Nova_Scotia,45.1139507,-64.3939161,Pra27,F,2015,M,4.1,POP4,2015,NA,NA,NA,NA
Pr_383,USA,Conneticut,41.7627,-72.6743,Pra3,M,2014,F,4.1,POP4,2015,NA,NA,NA,NA
Pr_384,USA,Conneticut,41.7627,-72.6743,Pra3,M,2014,F,4.1,POP4,2015,NA,NA,NA,NA
Pr_386,USA,Conneticut,41.7627,-72.6743,Pra3,M,2014,F,4.1,POP4,2015,NA,NA,NA,NA
Pr_391,USA,Conneticut,41.7627,-72.6743,Pra3,M,2014,F,4.1,POP4,2015,NA,NA,NA,NA
Pr_487,USA,Maine,44.699167,-69.559722,NA,F,2014,M,4.1,POP4,2015,NA,NA,NA,NA
Pr_496,USA,Vermont,44.392537,-73.093715,Pra3,F,2014,M,4.1,POP4,2015,NA,NA,NA,NA
Pr_514,USA,Maine,44.888005,-68.659208,Pra3,F,2014,M,4.1,POP4,2015,NA,NA,NA,NA
Pr_540,USA,Maine,43.586118,-70.20567,Pra3,F,2014,M,4.1,POP4,2015,NA,NA,NA,NA
Pr_570,USA,Maine,43.74844,-70.30495,Pra3,M,2014,F,4.1,POP4,2015,NA,NA,NA,NA
Pr_589,USA,Maine,44.99975,-67.443616,Pra3,F,2014,M,4.1,POP4,2015,NA,NA,NA,NA
Pr_590,USA,Maine,44.99975,-67.443616,Pra3,F,2014,M,4.1,POP4,2015,NA,NA,NA,NA
Pr_761,USA,Maine,43.70454,-70.09908,Pra3,M,2014,F,4.1,POP4,2015,NA,NA,NA,NA
Pr_1022,USA,North_Carolina,36.233918,-79.1804859,Pra3,F,2014,M,4.2,NA,NA,POP4,2014,NA,NA
Pr_1023,USA,North_Carolina,36.233918,-79.1804859,Pra3,F,2014,M,4.2,NA,NA,POP4,2014,NA,NA
Pr_1024,USA,North_Carolina,35.919024,-79.069947,Pra3,F,2014,M,4.2,NA,NA,POP4,2014,NA,NA
Pr_1026,USA,North_Carolina,36.233918,-79.1804859,Pra3,F,2014,M,4.2,NA,NA,POP4,2014,NA,NA
Pr_1030,USA,North_Carolina,36.233918,-79.1804859,Pra3,F,2014,M,4.2,NA,NA,POP4,2014,NA,NA
Pr_1032,USA,North_Carolina,35.919024,-79.069947,Pra3,F,2014,M,4.2,NA,NA,POP4,2014,NA,NA
Pr_1033,USA,North_Carolina,36.233918,-79.1804859,Pra3,F,2014,M,4.2,NA,NA,POP4,2014,NA,NA
Pr_1046,USA,North_Carolina,36.233918,-79.1804859,Pra3,F,2014,M,4.2,NA,NA,POP4,2014,NA,NA
Pr_1048,USA,North_Carolina,36.233918,-79.1804859,Pra3,F,2014,M,4.2,NA,NA,POP4,2014,NA,NA
Pr_1049,USA,North_Carolina,36.233918,-79.1804859,Pra3,F,2014,M,4.2,NA,NA,POP4,2014,NA,NA
Pr_1050,USA,North_Carolina,36.233918,-79.1804859,Pra3,M,2014,F,4.2,NA,NA,POP4,2014,NA,NA
Pr_40,USA,Pennsylvania,40.05214,-77.96114,Pra3,F,2014,M,4.2,NA,NA,POP4,2014,NA,NA
Pr_41,USA,Pennsylvania,40.05214,-77.96114,Pra3,F,2014,M,4.2,NA,NA,POP4,2014,NA,NA
Pr_43,USA,Pennsylvania,40.05214,-77.96114,Pra3,M,2014,F,4.2,NA,NA,POP4,2014,NA,NA
Pr_51,USA,Pennsylvania,40.19847,-76.68372,Pra3,F,2014,M,4.2,NA,NA,POP4,2014,NA,NA
Pr_57,USA,Pennsylvania,40.20104,-76.68916,Pra2,M,2014,F,4.2,NA,NA,POP4,2014,NA,NA
Pr_59,USA,Pennsylvania,40.20016,-76.68369,Pra3,M,2014,F,4.2,NA,NA,POP4,2014,NA,NA
Pr_614,USA,Maryland,39.321255,-77.279703,Pra3,M,2014,F,4.2,NA,NA,POP4,2014,NA,NA
Pr_67,USA,Pennsylvania,41.882461,-80.000875,Pra3,M,2014,F,4.2,NA,NA,POP4,2014,NA,NA
Pr_68,USA,Pennsylvania,41.882461,-80.000875,Pra3,F,2014,M,4.2,NA,NA,POP4,2014,NA,NA
Pr_75,USA,Virginia,36.886264,-81.370889,Pra3,M,2014,F,4.2,NA,NA,POP4,2014,NA,NA
Pr_76,USA,Virginia,36.886264,-81.370889,Pra5,M,2014,F,4.2,NA,NA,POP4,2014,NA,NA
Pr_896,USA,Virginia,38.920809,-77.39748,Pra5,F,2014,M,4.2,NA,NA,POP4,2014,NA,NA
Pr_898,USA,Virginia,38.920809,-77.39748,Pra3,F,2014,M,4.2,NA,NA,POP4,2014,NA,NA
Pr_899,USA,Virginia,38.920809,-77.39748,Pra3,F,2014,M,4.2,NA,NA,POP4,2014,NA,NA
Pr_902,USA,Virginia,38.920809,-77.39748,Pra3,M,2014,F,4.2,NA,NA,POP4,2014,NA,NA
Pr_1,USA,Michigan,42.60513,-85.64005,Pra3,M,2013,F,4.3,NA,NA,NA,NA,POP4,2013
Pr_10,USA,Michigan,42.60513,-85.64005,Pra27,F,2013,M,4.3,NA,NA,NA,NA,POP4,2013
Pr_1125,USA,Illinois,40.41982,-89.82711,Pra3,F,2013,M,4.3,NA,NA,NA,NA,POP4,2013
Pr_1134,USA,Illinois,40.41982,-89.82711,Pra2,F,2013,M,4.3,NA,NA,NA,NA,POP4,2013
Pr_1394,USA,Illinois,40.39024,-89.88538,Pra3,F,2013,M,4.3,NA,NA,NA,NA,POP4,2013
Pr_1403,USA,Illinois,40.39127,-89.91068,Pra3,F,2013,M,4.3,NA,NA,NA,NA,POP4,2013
Pr_2,USA,Michigan,42.60513,-85.64005,Pra3,M,2013,F,4.3,NA,NA,NA,NA,POP4,2013
Pr_293,Canada,Ontario,43.382483,-80.384833,Pra5,M,2014,F,4.3,NA,NA,NA,NA,POP4,2013
Pr_3,USA,Michigan,42.60513,-85.64005,Pra2,M,2013,F,4.3,NA,NA,NA,NA,POP4,2013
Pr_301,Canada,Ontario,43.382483,-80.384833,Pra3,F,2014,M,4.3,NA,NA,NA,NA,POP4,2013
Pr_312,Canada,Ontario,43.382483,-80.384833,NA,M,2014,F,4.3,NA,NA,NA,NA,POP4,2013
Pr_4,USA,Michigan,42.60513,-85.64005,Pra2,M,2013,F,4.3,NA,NA,NA,NA,POP4,2013
Pr_473,USA,Michigan,42.30642,-84.04108,Pra3,F,2014,M,4.3,NA,NA,NA,NA,POP4,2013
Pr_474,USA,Michigan,42.30642,-84.04108,Pra3,F,2014,M,4.3,NA,NA,NA,NA,POP4,2013
Pr_5,USA,Michigan,42.60513,-85.64005,Pra3,M,2013,F,4.3,NA,NA,NA,NA,POP4,2013
Pr_531,USA,Indiana,41.6775,-85.593333,Pra3,F,2014,M,4.3,NA,NA,NA,NA,POP4,2013
Pr_538,USA,Indiana,41.683333,-85.665278,Pra3,M,2014,F,4.3,NA,NA,NA,NA,POP4,2013
Pr_597,Canada,Ontario,43,-81.29,Pra3,M,2014,F,4.3,NA,NA,NA,NA,POP4,2013
Pr_6,USA,Michigan,42.60513,-85.64005,Pra3,M,2013,F,4.3,NA,NA,NA,NA,POP4,2013
Pr_606,Canada,Ontario,43.499595,-80.379067,Pra3,F,2014,M,4.3,NA,NA,NA,NA,POP4,2013
Pr_65,USA,Ohio,41.410575,-81.697364,Pra2,M,2014,F,4.3,NA,NA,NA,NA,POP4,2013
Pr_69,USA,Ohio,41.052653,-81.864631,Pra3,M,2014,F,4.3,NA,NA,NA,NA,POP4,2013
Pr_7,USA,Michigan,42.60513,-85.64005,Pra3,M,2013,F,4.3,NA,NA,NA,NA,POP4,2013
Pr_8,USA,Michigan,42.60513,-85.64005,Pra3,M,2013,F,4.3,NA,NA,NA,NA,POP4,2013
Pr_9,USA,Michigan,42.60513,-85.64005,Pra2,M,2013,F,4.3,NA,NA,NA,NA,POP4,2013
Pr_909,USA,Illinois,42.059444,-87.8425,Pra3,M,2014,F,4.3,NA,NA,NA,NA,POP4,2013
Pr_1143,USA,Colorado,39.068838,-108.457602,Pra3,F,2015,M,4.4,NA,NA,NA,NA,NA,NA
Pr_1149,USA,Colorado,39.164722,-108.746944,Pra52,M,2015,F,4.4,NA,NA,NA,NA,NA,NA
Pr_1150,USA,Colorado,39.164722,-108.746944,Pra3,M,2015,F,4.4,NA,NA,NA,NA,NA,NA
Pr_1800,USA,South_Dakota,45.450732,-99.33655,Pra2,M,2015,F,4.4,NA,NA,NA,NA,NA,NA
Pr_1801,USA,South_Dakota,45.450732,-99.33655,Pra3,M,2015,F,4.4,NA,NA,NA,NA,NA,NA
Pr_1802,USA,South_Dakota,45.450732,-99.33655,Pra3,M,2015,F,4.4,NA,NA,NA,NA,NA,NA
Pr_1803,USA,South_Dakota,45.450732,-99.33655,Pra3,M,2015,F,4.4,NA,NA,NA,NA,NA,NA
Pr_1804,USA,South_Dakota,45.450732,-99.33655,Pra3,F,2015,M,4.4,NA,NA,NA,NA,NA,NA
Pr_1806,USA,South_Dakota,45.450732,-99.33655,Pra3,M,2015,F,4.4,NA,NA,NA,NA,NA,NA
Pr_256,USA,Colorado,39.036944,-108.528333,Pra3,M,2014,F,4.4,NA,NA,NA,NA,NA,NA
Pr_257,USA,Colorado,39.036944,-108.528333,Pra3,M,2014,F,4.4,NA,NA,NA,NA,NA,NA
Pr_261,USA,Colorado,39.036944,-108.528333,Pra3,M,2014,F,4.4,NA,NA,NA,NA,NA,NA
Pr_1358,Canada,Saskatchewan,52.1188,-106.6489,Pra2,F,2015,M,4.5,NA,NA,NA,NA,NA,NA
Pr_1360,Canada,Saskatchewan,52.1188,-106.6489,Pra3,F,2015,M,4.5,NA,NA,NA,NA,NA,NA
Pr_1361,Canada,Saskatchewan,52.1188,-106.6489,Pra3,F,2015,M,4.5,NA,NA,NA,NA,NA,NA
Pr_1363,Canada,Saskatchewan,52.1188,-106.6489,Pra3,F,2015,M,4.5,NA,NA,NA,NA,NA,NA
Pr_1364,Canada,Saskatchewan,52.1188,-106.6489,Pra3,M,2015,F,4.5,NA,NA,NA,NA,NA,NA
Pr_1365,Canada,Saskatchewan,52.1188,-106.6489,Pra3,M,2015,F,4.5,NA,NA,NA,NA,NA,NA
Pr_1366,Canada,Saskatchewan,52.1188,-106.6489,Pra5,F,2015,M,4.5,NA,NA,NA,NA,NA,NA
Pr_1367,Canada,Saskatchewan,52.1188,-106.6489,Pra4,F,2015,M,4.5,NA,NA,NA,NA,NA,NA
Pr_1459,USA,Tennessee,35.625,-86.248333,Pra3,F,2015,M,4.6,NA,NA,NA,NA,NA,NA
Pr_1460,USA,Tennessee,35.625,-86.248333,Pra3,F,2015,M,4.6,NA,NA,NA,NA,NA,NA
Pr_1461,USA,Tennessee,35.625,-86.248333,Pra3,M,2015,F,4.6,NA,NA,NA,NA,NA,NA
Pr_710,USA,Kentucky,38.289131,-85.627215,Pra3,F,2014,M,4.6,NA,NA,NA,NA,NA,NA
Pr_713,USA,Kentucky,38.289131,-85.627215,Pra3,F,2014,M,4.6,NA,NA,NA,NA,NA,NA
Pr_718,USA,Kentucky,38.289131,-85.627215,Pra3,M,2014,F,4.6,NA,NA,NA,NA,NA,NA
Pr_720,USA,Kentucky,38.289131,-85.627215,Pra3,F,2014,M,4.6,NA,NA,NA,NA,NA,NA
Pr_722,USA,Kentucky,38.289131,-85.627215,Pra27,F,2014,M,4.6,NA,NA,NA,NA,NA,NA
Pr_738,USA,Kentucky,38.289131,-85.627215,Pra3,M,2014,F,4.6,NA,NA,NA,NA,NA,NA
Pr_739,USA,Kentucky,38.289131,-85.627215,Pra4,F,2014,M,4.6,NA,NA,NA,NA,NA,NA
Pr_744,USA,Kentucky,38.289131,-85.627215,Pra3,M,2014,F,4.6,NA,NA,NA,NA,NA,NA
Pr_747,USA,Kentucky,38.289131,-85.627215,Pra3,M,2014,F,4.6,NA,NA,NA,NA,NA,NA
Pr_748,USA,Kentucky,38.289131,-85.627215,Pra3,F,2014,M,4.6,NA,NA,NA,NA,NA,NA
Pr_750,USA,Kentucky,38.289131,-85.627215,Pra3,F,2014,M,4.6,NA,NA,NA,NA,NA,NA
Pr_751,USA,Kentucky,38.289131,-85.627215,Pra3,M,2014,F,4.6,NA,NA,NA,NA,NA,NA
Pr_1142,USA,California,33.6147,-117.6376,Pra3,F,2015,M,4.7,NA,NA,NA,NA,NA,NA
Pr_1206,USA,California,32.68198,-117.179794,Pra3,M,2015,F,4.7,NA,NA,NA,NA,NA,NA
Pr_1207,USA,California,32.68198,-117.179794,Pra5,M,2015,F,4.7,NA,NA,NA,NA,NA,NA
Pr_1230,USA,California,34.012398,-118.282847,Pra5,F,2015,M,4.7,NA,NA,NA,NA,NA,NA
Pr_1231,USA,California,34.012398,-118.282847,Pra2,F,2015,M,4.7,NA,NA,NA,NA,NA,NA
Pr_1990,Mexico,Chihuahua,30.41427,-107.88851,Pra3,F,2015,M,4.7,NA,NA,NA,NA,NA,NA
Pr_1991,Mexico,Chihuahua,30.41427,-107.88851,Pra3,F,2015,M,4.7,NA,NA,NA,NA,NA,NA
Pr_1992,Mexico,Chihuahua,30.854607,-108.37686,Pra3,M,2015,F,4.7,NA,NA,NA,NA,NA,NA
Pr_1466,USA,Washington,47.362222,-122.103611,Pra2,F,2015,M,4.8,NA,NA,NA,NA,NA,NA
Pr_1468,USA,Washington,47.362222,-122.103611,Pra2,F,2015,M,4.8,NA,NA,NA,NA,NA,NA
Pr_168,USA,Oregon,45.36913889,-120.7816389,Pra2,F,2014,M,4.8,NA,NA,NA,NA,NA,NA
Pr_169,USA,Oregon,45.36913889,-120.7816389,Pra4,M,2014,F,4.8,NA,NA,NA,NA,NA,NA
Pr_170,USA,Oregon,45.36913889,-120.7816389,Pra2,M,2014,F,4.8,NA,NA,NA,NA,NA,NA
Pr_171,USA,Oregon,45.77183333,-119.2504167,Pra1,F,2014,M,4.8,NA,NA,NA,NA,NA,NA
Pr_176,USA,Oregon,45.77183333,-119.2504167,Pra4,M,2014,F,4.8,NA,NA,NA,NA,NA,NA
Pr_177,USA,Oregon,45.77183333,-119.2504167,Pra4,M,2014,F,4.8,NA,NA,NA,NA,NA,NA
Pr_178,USA,Oregon,45.77183333,-119.2504167,Pra3,M,2014,F,4.8,NA,NA,NA,NA,NA,NA
Pr_179,USA,Oregon,45.77183333,-119.2504167,Pra4,M,2014,F,4.8,NA,NA,NA,NA,NA,NA
Pr_180,USA,Oregon,45.77183333,-119.2504167,Pra5,F,2014,M,4.8,NA,NA,NA,NA,NA,NA
Pr_181,USA,Oregon,45.77183333,-119.2504167,Pra2,F,2014,M,4.8,NA,NA,NA,NA,NA,NA
Pr_182,USA,Oregon,45.77183333,-119.2504167,Pra3,F,2014,M,4.8,NA,NA,NA,NA,NA,NA
Pr_183,USA,Oregon,45.77183333,-119.2504167,Pra4,M,2014,F,4.8,NA,NA,NA,NA,NA,NA
Pr_195,USA,Washington,45.96372222,-121.4738889,Pra4,M,2014,F,4.8,NA,NA,NA,NA,NA,NA
Pr_196,USA,Washington,45.96372222,-121.4738889,Pra4,M,2014,F,4.8,NA,NA,NA,NA,NA,NA
Pr_199,USA,Washington,45.96372222,-121.4738889,Pra4,M,2014,F,4.8,NA,NA,NA,NA,NA,NA
Pr_200,USA,Washington,45.96372222,-121.4738889,Pra2,M,2014,F,4.8,NA,NA,NA,NA,NA,NA
Pr_202,USA,Washington,48.35322222,-120.0393611,Pra3,M,2014,F,4.8,NA,NA,NA,NA,NA,NA
Pr_204,USA,Washington,48.35322222,-120.0393611,Pra2,F,2014,M,4.8,NA,NA,NA,NA,NA,NA
Pr_208,USA,Washington,48.50477778,-119.5023056,Pra4,M,2014,F,4.8,NA,NA,NA,NA,NA,NA
Pr_209,USA,Washington,48.50477778,-119.5023056,Pra4,M,2014,F,4.8,NA,NA,NA,NA,NA,NA
Pr_221,USA,Washington,47.75908333,-118.7105278,Pra5,F,2014,M,4.8,NA,NA,NA,NA,NA,NA
Pr_231,USA,Washington,47.75908333,-118.7105278,Pra4,M,2014,F,4.8,NA,NA,NA,NA,NA,NA
Pr_249,USA,Washington,47.34913889,-118.0241667,Pra3,M,2014,F,4.8,NA,NA,NA,NA,NA,NA
Pr_250,USA,Washington,47.34913889,-118.0241667,Pra4,M,2014,F,4.8,NA,NA,NA,NA,NA,NA
Pr_1834,USA,Georgia,30.977239,-84.530178,Pra3,F,2016,M,4.9,NA,NA,NA,NA,NA,NA
Pr_1835,USA,Georgia,30.977239,-84.530178,Pra3,M,2016,F,4.9,NA,NA,NA,NA,NA,NA
Pr_1836,USA,Georgia,30.977239,-84.530178,Pra3,M,2016,F,4.9,NA,NA,NA,NA,NA,NA
Pr_1837,USA,Georgia,30.977239,-84.530178,Pra3,M,2016,F,4.9,NA,NA,NA,NA,NA,NA
Pr_1838,USA,Georgia,30.977239,-84.530178,Pra3,M,2016,F,4.9,NA,NA,NA,NA,NA,NA
Pr_1839,USA,Georgia,30.977239,-84.530178,Pra3,F,2016,M,4.9,NA,NA,NA,NA,NA,NA
Pr_1840,USA,Georgia,30.977239,-84.530178,Pra3,F,2016,M,4.9,NA,NA,NA,NA,NA,NA
Pr_1841,USA,Georgia,30.977239,-84.530178,Pra3,M,2016,F,4.9,NA,NA,NA,NA,NA,NA
Pr_1842,USA,Georgia,30.977239,-84.530178,Pra3,M,2016,F,4.9,NA,NA,NA,NA,NA,NA
Pr_1843,USA,Georgia,30.977239,-84.530178,Pra3,M,2016,F,4.9,NA,NA,NA,NA,NA,NA
Pr_1844,USA,Florida,29.634104,-82.419571,Pra3,F,2015,M,4.9,NA,NA,NA,NA,NA,NA
Pr_115,USA,California,37.749709,-122.421364,Pra3,M,2014,F,5.1,POP5,2014,NA,NA,NA,NA
Pr_116,USA,California,37.749709,-122.421364,Pra2,M,2014,F,5.1,POP5,2014,NA,NA,NA,NA
Pr_1209,USA,California,38.232,-122.636,Pra3,M,2015,F,5.1,POP5,2014,NA,NA,NA,NA
Pr_151,USA,California,40.37830556,-120.5465278,Pra3,M,2014,F,5.1,POP5,2014,NA,NA,NA,NA
Pr_152,USA,California,40.37830556,-120.5465278,Pra3,F,2014,M,5.1,POP5,2014,NA,NA,NA,NA
Pr_154,USA,California,40.37830556,-120.5465278,Pra3,M,2014,F,5.1,POP5,2014,NA,NA,NA,NA
Pr_359,USA,California,39.23162,-120.76159,Pra3,M,2014,F,5.1,POP5,2014,NA,NA,NA,NA
Pr_392,USA,California,38.6,-121.47,Pra3,F,2014,M,5.1,POP5,2014,NA,NA,NA,NA
Pr_441,USA,California,38.18,-122.03,Pra3,M,2014,F,5.1,POP5,2014,NA,NA,NA,NA
Pr_442,USA,California,38.18,-122.03,Pra3,M,2014,F,5.1,POP5,2014,NA,NA,NA,NA
Pr_475,USA,California,37.713641,-122.401147,Pra2,M,2014,F,5.1,POP5,2014,NA,NA,NA,NA
Pr_763,USA,California,37.707462,-122.485835,Pra2,M,2014,F,5.1,POP5,2014,NA,NA,NA,NA
Pr_764,USA,California,37.707462,-122.485835,Pra2,M,2014,F,5.1,POP5,2014,NA,NA,NA,NA
Pr_765,USA,California,37.706864,-122.482968,Pra2,M,2014,F,5.1,POP5,2014,NA,NA,NA,NA
Pr_766,USA,California,37.706864,-122.482968,Pra3,M,2014,F,5.1,POP5,2014,NA,NA,NA,NA
Pr_768,USA,California,37.702399,-122.469567,Pra2,M,2014,F,5.1,POP5,2014,NA,NA,NA,NA
Pr_769,USA,California,37.720354,-122.47564,Pra2,M,2014,F,5.1,POP5,2014,NA,NA,NA,NA
Pr_771,USA,California,37.702399,-122.469567,Pra2,M,2014,F,5.1,POP5,2014,NA,NA,NA,NA
Pr_772,USA,California,37.70649,-122.467689,Pra2,M,2014,F,5.1,POP5,2014,NA,NA,NA,NA
Pr_88,USA,California,38.152708,-121.669279,Pra3,F,2014,M,5.1,POP5,2014,NA,NA,NA,NA
Pr_92,USA,California,38.115698,-121.334887,Pra3,M,2014,F,5.1,POP5,2014,NA,NA,NA,NA
Pr_95,USA,California,38.115698,-121.334887,Pra3,F,2014,M,5.1,POP5,2014,NA,NA,NA,NA
Pr_254,USA,Nevada,41.72636111,-115.8958333,Pra3,F,2014,M,5.2,NA,NA,POP5,2014,NA,NA
Pr_357,USA,Nevada,38.82038,-119.77905,Pra3,M,2014,F,5.2,NA,NA,POP5,2014,NA,NA
Pr_358,USA,Nevada,39.505221,-119.819734,Pra3,F,2014,M,5.2,NA,NA,POP5,2014,NA,NA
Pr_363,USA,Nevada,39.48045,-118.66911,Pra3,F,2014,M,5.2,NA,NA,POP5,2014,NA,NA
Pr_369,USA,Nevada,39.685333,-119.830258,Pra3,M,2014,F,5.2,NA,NA,POP5,2014,NA,NA
Pr_370,USA,Nevada,39.685333,-119.830258,Pra3,M,2014,F,5.2,NA,NA,POP5,2014,NA,NA
Pr_371,USA,Nevada,39.685333,-119.830258,Pra3,F,2014,M,5.2,NA,NA,POP5,2014,NA,NA
Pr_372,USA,Nevada,39.685333,-119.830258,Pra3,F,2014,M,5.2,NA,NA,POP5,2014,NA,NA
Pr_373,USA,Nevada,39.685333,-119.830258,Pra3,M,2014,F,5.2,NA,NA,POP5,2014,NA,NA
Pr_374,USA,Nevada,39.685333,-119.830258,Pra3,M,2014,F,5.2,NA,NA,POP5,2014,NA,NA
Pr_375,USA,Nevada,39.685333,-119.830258,Pra3,M,2014,F,5.2,NA,NA,POP5,2014,NA,NA
Pr_377,USA,Nevada,39.685333,-119.830258,Pra3,F,2014,M,5.2,NA,NA,POP5,2014,NA,NA
Pr_2076,USA,Hawaii,19.2166,-155.4775,Pra3,M,2016,F,5.3,NA,NA,NA,NA,POP5,2015
Pr_2078,USA,Hawaii,20.9297,-156.6726,Pra1,F,2016,M,5.3,NA,NA,NA,NA,POP5,2015
Pr_2080,USA,Hawaii,20.9297,-156.6726,Pra3,F,2016,M,5.3,NA,NA,NA,NA,POP5,2015
Pr_2081,USA,Hawaii,20.2044,-155.7353,Pra3,M,2016,F,5.3,NA,NA,NA,NA,POP5,2015
Pr_2082,USA,Hawaii,19.4927,-155.3854,Pra3,M,2016,F,5.3,NA,NA,NA,NA,POP5,2015
Pr_2083,USA,Hawaii,20.2044,-155.7353,Pra3,M,2016,F,5.3,NA,NA,NA,NA,POP5,2015
Pr_2084,USA,Hawaii,20.2044,-155.7353,Pra3,M,2016,F,5.3,NA,NA,NA,NA,POP5,2015
Pr_700,USA,Hawaii,21.4092,-157.7992,Pra3,M,2014,F,5.3,NA,NA,NA,NA,POP5,2015
Pr_701,USA,Hawaii,21.4092,-157.7992,Pra3,M,2014,F,5.3,NA,NA,NA,NA,POP5,2015
Pr_702,USA,Hawaii,21.4092,-157.7992,Pra3,M,2014,F,5.3,NA,NA,NA,NA,POP5,2015
Pr_703,USA,Hawaii,21.4092,-157.7992,Pra3,F,2014,M,5.3,NA,NA,NA,NA,POP5,2015
Pr_704,USA,Hawaii,21.4092,-157.7992,Pra3,F,2014,M,5.3,NA,NA,NA,NA,POP5,2015
Pr_706,USA,Hawaii,21.4092,-157.7992,Pra3,M,2014,F,5.3,NA,NA,NA,NA,POP5,2015
Pr_707,USA,Hawaii,21.4092,-157.7992,Pra3,M,2014,F,5.3,NA,NA,NA,NA,POP5,2015
Pr_708,USA,Hawaii,21.4092,-157.7992,Pra3,M,2014,F,5.3,NA,NA,NA,NA,POP5,2015
Pr_709,USA,Hawaii,21.4092,-157.7992,Pra3,M,2014,F,5.3,NA,NA,NA,NA,POP5,2015
Pr_2101,Russia,Sakha_Republic,62.020864,129.602059,Pra71,F,2016,M,6.1,POP6,2016,POP6,2016,POP6,2016
Pr_2102,Russia,Sakha_Republic,62.020864,129.602059,Pra71,M,2016,F,6.1,POP6,2016,POP6,2016,POP6,2016
Pr_2103,Russia,Sakha_Republic,62.020864,129.602059,Pra47,F,2016,M,6.1,POP6,2016,POP6,2016,POP6,2016
Pr_2104,Russia,Sakha_Republic,62.020864,129.602059,Pra71,M,2016,F,6.1,POP6,2016,POP6,2016,POP6,2016
Pr_2105,Russia,Sakha_Republic,62.020864,129.602059,Pra47,M,2016,F,6.1,POP6,2016,POP6,2016,POP6,2016
Pr_2106,Russia,Sakha_Republic,62.020864,129.602059,Pra47,M,2016,F,6.1,POP6,2016,POP6,2016,POP6,2016
Pr_2107,Russia,Sakha_Republic,62.020864,129.602059,Pra71,M,2016,F,6.1,POP6,2016,POP6,2016,POP6,2016
Pr_2108,Russia,Sakha_Republic,62.020864,129.602059,Pra71,M,2016,F,6.1,POP6,2016,POP6,2016,POP6,2016
Pr_2109,Russia,Sakha_Republic,62.020864,129.602059,Pra47,M,2016,F,6.1,POP6,2016,POP6,2016,POP6,2016
Pr_2110,Russia,Sakha_Republic,62.020864,129.602059,Pra71,M,2016,F,6.1,POP6,2016,POP6,2016,POP6,2016
Pr_992,Russia,Siberia,62.033333,129.333333,Pra47,M,2014,F,6.1,POP6,2016,POP6,2016,POP6,2016
Pr_993,Russia,Siberia,62.033333,129.333333,Pra47,M,2014,F,6.1,POP6,2016,POP6,2016,POP6,2016
Pr_1949,China,Guizhou,27.938591,108.615073,Pra1,M,2012,F,7.1,POP7,2012,NA,NA,NA,NA
Pr_1950,China,Guizhou,27.938591,108.615073,Pra1,M,2012,F,7.1,POP7,2012,NA,NA,NA,NA
Pr_1951,China,Guizhou,27.938591,108.615073,Pra1,M,2012,F,7.1,POP7,2012,NA,NA,NA,NA
Pr_1952,China,Guizhou,27.938591,108.615073,Pra1,M,2012,F,7.1,POP7,2012,NA,NA,NA,NA
Pr_1953,China,Guizhou,27.938591,108.615073,Pra62,F,2012,M,7.1,POP7,2012,NA,NA,NA,NA
Pr_1954,China,Guizhou,27.938591,108.615073,Pra63,M,2012,F,7.1,POP7,2012,NA,NA,NA,NA
Pr_1955,China,Tibet,31.493765,98.218198,NA,F,2012,M,7.1,POP7,2012,NA,NA,NA,NA
Pr_1956,China,Tibet,31.493765,98.218198,Pra7,M,2012,F,7.1,POP7,2012,NA,NA,NA,NA
Pr_1957,China,Tibet,31.493765,98.218198,Pra1,F,2012,M,7.1,POP7,2012,NA,NA,NA,NA
Pr_1958,China,Tibet,31.493765,98.218198,Pra1,M,2012,F,7.1,POP7,2012,NA,NA,NA,NA
Pr_1959,China,Tibet,31.493765,98.218198,Pra1,M,2012,F,7.1,POP7,2012,NA,NA,NA,NA
Pr_1960,China,Tibet,31.493765,98.218198,Pra7,F,2012,M,7.1,POP7,2012,NA,NA,NA,NA
Pr_1961,China,Tibet,31.493765,98.218198,Pra1,M,2012,F,7.1,POP7,2012,NA,NA,NA,NA
Pr_1963,China,Tibet,31.493765,98.218198,Pra1,F,2012,M,7.1,POP7,2012,NA,NA,NA,NA
Pr_1964,China,Tibet,31.493765,98.218198,Pra1,M,2012,F,7.1,POP7,2012,NA,NA,NA,NA
Pr_1965,China,Tibet,31.493765,98.218198,Pra64,M,2012,F,7.1,POP7,2012,NA,NA,NA,NA
Pr_1966,China,Tibet,31.493765,98.218198,Pra1,M,2012,F,7.1,POP7,2012,NA,NA,NA,NA
Pr_926,Georgia,Adjara,41.604061,41.586539,Pra42,M,2014,F,7.2,NA,NA,POP7,2014,NA,NA
Pr_927,Georgia,Adjara,41.604061,41.586539,Pra43,M,2014,F,7.2,NA,NA,POP7,2014,NA,NA
Pr_928,Georgia,Adjara,41.604061,41.586539,Pra22,F,2014,M,7.2,NA,NA,POP7,2014,NA,NA
Pr_929,Georgia,Adjara,41.604061,41.586539,Pra44,M,2014,F,7.2,NA,NA,POP7,2014,NA,NA
Pr_930,Georgia,Adjara,41.604061,41.586539,Pra7,M,2014,F,7.2,NA,NA,POP7,2014,NA,NA
Pr_931,Georgia,Adjara,41.604061,41.586539,Pra42,M,2014,F,7.2,NA,NA,POP7,2014,NA,NA
Pr_936,Georgia,Khobi,42.275444,41.679339,Pra42,M,2014,F,7.2,NA,NA,POP7,2014,NA,NA
Pr_938,Georgia,Khobi,42.275444,41.679339,Pra39,M,2014,F,7.2,NA,NA,POP7,2014,NA,NA
Pr_939,Georgia,Khobi,42.275444,41.679339,Pra47,M,2014,F,7.2,NA,NA,POP7,2014,NA,NA
Pr_940,Georgia,Khobi,42.275444,41.679339,NA,M,2014,F,7.2,NA,NA,POP7,2014,NA,NA
Pr_941,Georgia,Khobi,42.275444,41.679339,Pra2,M,2014,F,7.2,NA,NA,POP7,2014,NA,NA
Pr_942,Georgia,Khobi,42.275444,41.679339,Pra42,M,2014,F,7.2,NA,NA,POP7,2014,NA,NA
Pr_2010,Japan,Ch?bu_region,36.26,137.97,Pra47,M,2016,F,7.3,NA,NA,NA,NA,POP7,2015
Pr_2011,Japan,Hokuriku,37.97,139.33,Pra1,M,2016,F,7.3,NA,NA,NA,NA,POP7,2015
Pr_2012,Japan,Hokuriku,37.97,139.33,Pra1,F,2016,M,7.3,NA,NA,NA,NA,POP7,2015
Pr_887,Japan,Ibaraki-ken,36.137822,140.119613,Pra1,F,2014,M,7.3,NA,NA,NA,NA,POP7,2015
Pr_888,Japan,Ibaraki-ken,36.137822,140.119613,Pra1,M,2014,F,7.3,NA,NA,NA,NA,POP7,2015
Pr_891,Japan,Ibaraki-ken,36.137822,140.119613,Pra1,M,2014,F,7.3,NA,NA,NA,NA,POP7,2015
Pr_893,Japan,Ibaraki-ken,36.137822,140.119613,Pra77,M,2014,F,7.3,NA,NA,NA,NA,POP7,2015
Pr_894,Japan,Ibaraki-ken,36.137822,140.119613,Pra47,M,2014,F,7.3,NA,NA,NA,NA,POP7,2015
Pr_1163,Taiwan,New_Taipei_City,24.964283,121.447049,Pra1,M,2015,F,7.4,NA,NA,NA,NA,NA,NA
Pr_1164,Taiwan,New_Taipei_City,24.964283,121.447049,Pra1,M,2015,F,7.4,NA,NA,NA,NA,NA,NA
Pr_1166,Taiwan,New_Taipei_City,24.964283,121.447049,Pra1,F,2015,M,7.4,NA,NA,NA,NA,NA,NA
Pr_1171,Taiwan,New_Taipei_City,24.964283,121.447049,Pra7,M,2015,F,7.4,NA,NA,NA,NA,NA,NA
Pr_1173,Taiwan,New_Taipei_City,24.964283,121.447049,Pra1,M,2015,F,7.4,NA,NA,NA,NA,NA,NA
Pr_1175,Taiwan,New_Taipei_City,24.964283,121.447049,Pra7,M,2015,F,7.4,NA,NA,NA,NA,NA,NA
Pr_1176,Taiwan,New_Taipei_City,24.964283,121.447049,Pra1,M,2015,F,7.4,NA,NA,NA,NA,NA,NA
Pr_1179,Taiwan,New_Taipei_City,25.016959,121.533851,Pra1,F,2015,M,7.4,NA,NA,NA,NA,NA,NA
Pr_1180,Taiwan,New_Taipei_City,25.016959,121.533851,Pra1,M,2015,F,7.4,NA,NA,NA,NA,NA,NA
Pr_1181,Taiwan,New_Taipei_City,25.016959,121.533851,Pra1,M,2015,F,7.4,NA,NA,NA,NA,NA,NA
Pr_1184,Taiwan,New_Taipei_City,25.016959,121.533851,Pra53,M,2015,F,7.4,NA,NA,NA,NA,NA,NA
Pr_1010,New_Zealand,Waikatao,-37.15059,175.563079,Pra1,F,2014,M,8.1,POP8,2014,POP8,2014,POP8,2014
Pr_1232,New_Zealand,Bay_of_Plenty,-37.417628,175.930133,Pra1,F,2014,M,8.1,POP8,2014,POP8,2014,POP8,2014
Pr_1238,New_Zealand,Bay_of_Plenty,-37.417628,175.930133,Pra1,F,2014,M,8.1,POP8,2014,POP8,2014,POP8,2014
Pr_1245,New_Zealand,Bay_of_Plenty,-37.417628,175.930133,Pra1,F,2014,M,8.1,POP8,2014,POP8,2014,POP8,2014
Pr_1251,New_Zealand,Bay_of_Plenty,-37.417628,175.930133,Pra1,F,2014,M,8.1,POP8,2014,POP8,2014,POP8,2014
Pr_1252,New_Zealand,Bay_of_Plenty,-37.417628,175.930133,Pra1,F,2014,M,8.1,POP8,2014,POP8,2014,POP8,2014
Pr_1259,New_Zealand,Bay_of_Plenty,-37.417628,175.930133,Pra1,M,2014,F,8.1,POP8,2014,POP8,2014,POP8,2014
Pr_1260,New_Zealand,Bay_of_Plenty,-37.417628,175.930133,Pra1,M,2014,F,8.1,POP8,2014,POP8,2014,POP8,2014
Pr_1261,New_Zealand,Bay_of_Plenty,-37.417628,175.930133,Pra1,M,2014,F,8.1,POP8,2014,POP8,2014,POP8,2014
Pr_1262,New_Zealand,Bay_of_Plenty,-37.417628,175.930133,Pra1,M,2014,F,8.1,POP8,2014,POP8,2014,POP8,2014
Pr_1993,Mexico,Durango,24.086366,-104.56782,Pra4,F,2015,M,4.x,NA,NA,NA,NA,NA,NA
Pr_2077,Mexico,Guanajuato,20.480184,-101.404149,Pra3,F,2015,M,4.x,NA,NA,NA,NA,NA,NA
Pr_2079,Mexico,Guanajuato,20.480184,-101.404149,Pra3,M,2015,F,4.x,NA,NA,NA,NA,NA,NA
