ID,Haplotype,Country,Latitude,Longitude,Source,Color
ANICT928,1,Australia,-38.05,145.684,BOLD,#88A2AA
ANICT930,2,Australia,-35.24,149.23,BOLD,#ADA296
BBLOB566,5,USA,34.75,-112.022,BOLD,#0F1A20
BBLOC1005,2,USA,34.082,-119.013,BOLD,#ADA296
BBLOC1010,2,USA,34.082,-119.013,BOLD,#ADA296
BBLOC1011,3,USA,34.082,-119.013,BOLD,#E2856E
BBLOC1406,3,USA,37.309,-120.93,BOLD,#E2856E
BBLOC1407,3,USA,37.309,-120.93,BOLD,#E2856E
BBLOC1408,3,USA,37.309,-120.93,BOLD,#E2856E
BBLOC1720,3,USA,33.27,-116.418,BOLD,#E2856E
BBLOC1721,2,USA,33.27,-116.418,BOLD,#ADA296
BBLOC972,2,USA,33.402,-117.603,BOLD,#ADA296
BBLOC973 ,5,USA,33.402,-117.603,BOLD,#0F1A20
BBLOC974,2,USA,33.402,-117.603,BOLD,#ADA296
BBLOD121,2,USA,33.563,-117.819,BOLD,#ADA296
BBLOD155,2,USA,33.563,-117.819,BOLD,#ADA296
BBLOD498,3,USA,33.407,-117.584,BOLD,#E2856E
BBLOD499,3,USA,33.407,-117.584,BOLD,#E2856E
BBLOD501,3,USA,37.292,-120.851,BOLD,#E2856E
BBLOD552 ,5,USA,33.407,-117.585,BOLD,#0F1A20
BBLOD932 ,5,USA,26.187,-98.379,BOLD,#0F1A20
BBLOD937 ,5,USA,26.187,-98.379,BOLD,#0F1A20
BBLOE2038,2,USA,34.082,-119.013,BOLD,#ADA296
BBLPA200,2,Canada,52.808,-118.023,BOLD,#ADA296
BBLPA201,3,Canada,53.687,-112.813,BOLD,#E2856E
BBLPC435,4,Canada,46.827,-64.915,BOLD,#F42C04
BBLPC436,4,Canada,46.827,-64.915,BOLD,#F42C04
BIBSA023,47,Italy,39.4433,16.6039,BOLD,#3A2D32
BIBSA024,2,Italy,39.3147,16.5281,BOLD,#ADA296
BIBSA1309,2,Italy,37.068,14.35,BOLD,#ADA296
BIBSA1319,83,Italy,39.15,8.884,BOLD,#F497DA
BIBSA686,2,Italy,39.93,16.17,BOLD,#ADA296
CNPPH807,3,Canada,41.939,-82.516,BOLD,#E2856E
CYTC4718,92,China,31.36,118.39,BOLD,#F497DA
DIMC083,3,Canada,49.218,-107.562,BOLD,#E2856E
DMAZ106,87,Spain,42.708931,0.794117,BOLD,#F497DA
DMML080,3,USA,32.982,-79.787,BOLD,#E2856E
ERPIR300,3,Canada,44.828916,-78.105929,BOLD,#E2856E
EULEP5642,90,Italy,43.43,9.9,BOLD,#F497DA
EZBNB217,4,Canada,57.974,-117.153,BOLD,#F42C04
EZRMN181,2,Romania,44.603,23.291,BOLD,#ADA296
EZRMN183,15,Romania,45.028,28.519,BOLD,#F497DA
EZROM473,1,Romania,46.484,23.721,BOLD,#88A2AA
EZROM474,2,Romania,46.814,23.512,BOLD,#ADA296
EZROM475,1,Romania,45.13,26.626,BOLD,#88A2AA
EZROM476,14,Romania,45.094,26.533,BOLD,#FFCCC9
EZROM477,16,Romania,44.871,22.414,BOLD,#F497DA
EZROM591,17,Romania,47.7,25.717,BOLD,#F497DA
EZROM748,20,Spain,41.737,2.328,BOLD,#F497DA
EZSPC603,2,Spain,41.774,2.38,BOLD,#ADA296
EZSPC608,1,Spain,41.792,2.335,BOLD,#88A2AA
EZSPC663,21,Spain,41.284,1.876,BOLD,#F497DA
EZSPC664,2,Spain,41.438,2.085,BOLD,#ADA296
EZSPC667,2,Spain,41.866,0.598,BOLD,#ADA296
EZSPC747,22,Spain,37.246,-3.686,BOLD,#F9DC5C
EZSPC884,14,Spain,40.157,-3.349,BOLD,#FFCCC9
EZSPC885,23,Spain,40.157,-3.349,BOLD,#F497DA
EZSPC890,14,Spain,40.65,0.761,BOLD,#FFCCC9
EZSPM028,2,Spain,39.815,2.853,BOLD,#ADA296
EZSPM047,14,Spain,39.685,2.761,BOLD,#FFCCC9
EZSPM063,24,Spain,39.57,2.592,BOLD,#F497DA
EZSPM136,14,Spain,43.095,-5.858,BOLD,#FFCCC9
EZSPM213,2,Spain,39.633,2.651,BOLD,#ADA296
EZSPM235,14,Spain,42.013,-8.874,BOLD,#FFCCC9
EZSPM344,5,Spain,40.001,-0.868,BOLD,#0F1A20
EZSPM885,14,Spain,38.973,-5.959,BOLD,#FFCCC9
EZSPM897,14,Spain,41.3,-4.91,BOLD,#FFCCC9
EZSPM919,14,Spain,38.952,-2.865,BOLD,#FFCCC9
EZSPM977,14,Spain,38.516,-3.597,BOLD,#FFCCC9
EZSPM982,14,Spain,39.898,0.684,BOLD,#FFCCC9
EZSPM992,14,Spain,39.96,4.22,BOLD,#FFCCC9
EZSPN088,2,Spain,36.989,-3.15,BOLD,#ADA296
EZSPN315,14,Spain,39.899,4.269,BOLD,#FFCCC9
EZSPN377,4,Spain,40.548,-3.685,BOLD,#F42C04
EZSPN443,22,Spain,36.856,-5.339,BOLD,#F9DC5C
EZSPN581,14,Portugal,41.707,-7.517,BOLD,#FFCCC9
EZSPN603,14,Spain,41.465,0.02,BOLD,#FFCCC9
EZSPN686,14,Spain,37.113,-3.415,BOLD,#FFCCC9
EZSPN693,14,Spain,37.126,-3.441,BOLD,#FFCCC9
EZSPN702,25,Spain,37.246,-3.686,BOLD,#F497DA
EZSPN749,2,Spain,40.429,-0.268,BOLD,#ADA296
EZSPN760,14,Spain,40.257,-1.607,BOLD,#FFCCC9
GBGL11382,1,South_Korea,36.758514,127.920209,BOLD,#88A2AA
GBLAA1261,42,Germany,51.3,11.8,BOLD,#F9DC5C
GBLAA1396,1,Germany,49.985,9.771,BOLD,#88A2AA
GBLAB312,2,Germany,49.7048,7.3475,BOLD,#ADA296
GBLAC982,10,Germany,50.6719,11.1417,BOLD,#F9DC5C
GBLAD097,11,Germany,51.3386,13.9458,BOLD,#F497DA
GBLAD930,12,Germany,47.4365,11.0508,BOLD,#F497DA
GBLAF377,2,Germany,52.8512,13.5277,BOLD,#ADA296
GBMIN18221,19,South_Korea,36.758514,127.920209,BOLD,#F497DA
GBMIN20988,1,South_Korea,36.758514,127.920209,BOLD,#88A2AA
GBMIN24003,42,China,39.706682,117.232693,BOLD,#F9DC5C
GBMIN37957,1,South_Korea,35.097026,126.530688,BOLD,#88A2AA
GWORA2446,13,Germany,48.881,12.456,BOLD,#F497DA
GWORU081,2,Italy,40.1256,15.8306,BOLD,#ADA296
IARI015,14,Australia,-35.421093,149.123719,BOLD,#FFCCC9
IARI039,2,Australia,-35.421093,149.123719,BOLD,#ADA296
LBCA708,2,Canada,51.159,-116.796,BOLD,#ADA296
LBCB594,1,Canada,50.976,-117.592,BOLD,#88A2AA
LEATA402,1,Austria,47.138,10.197,BOLD,#88A2AA
LEATD147,9,Italy,46.52,10.48,BOLD,#2E5339
LEATF470,1,Austria,47.19,11.1,BOLD,#88A2AA
LEATG536,2,Italy,46.814,11.946,BOLD,#ADA296
LEFIA1301,9,Finland,62.51,30.883,BOLD,#2E5339
LEFIJ50,4,Finland,65.041,25.408,BOLD,#F42C04
LEFIJ503,4,Finland,65.071,25.725,BOLD,#F42C04
LENOA1341,2,France,49.493,1.482,BOLD,#ADA296
LILLA492,3,USA,38.226,-88.185,BOLD,#E2856E
LNSWE222,14,Australia,-31.459,152.476,BOLD,#FFCCC9
LNSWE281,14,Australia,-31.459,152.476,BOLD,#FFCCC9
LNSWG010,14,Australia,-31.459,152.476,BOLD,#FFCCC9
LOTSD313,1,Australia,-42.986,147.317,BOLD,#88A2AA
LOTSD320,1,Australia,-42.986,147.317,BOLD,#88A2AA
LOTSD324,1,Australia,-42.986,147.317,BOLD,#88A2AA
LOWA160,1,Russia,56.133,28.667,BOLD,#88A2AA
LOWA161,18,Russia,56.133,28.667,BOLD,#F497DA
LOWA574,88,Kazakhstan,42.383,68.267,BOLD,#F497DA
LPAB341,2,Canada,51.126,-115.726,BOLD,#ADA296
LPAB442,4,Canada,49.109,-113.961,BOLD,#F42C04
LPMN981,5,Canada,50.873,-100.05,BOLD,#0F1A20
LPMNB280,3,Canada,50.873,-100.05,BOLD,#E2856E
LPMNB281,3,Canada,50.873,-100.05,BOLD,#E2856E
LPMNB282,3,Canada,50.873,-100.05,BOLD,#E2856E
LPSK396,3,Canada,49.182,-107.687,BOLD,#E2856E
LPSK408,5,Canada,49.153,-107.517,BOLD,#0F1A20
LPSO959,3,Canada,41.93,-82.51,BOLD,#E2856E
LPSOB272,3,Canada,45.19,-81.58,BOLD,#E2856E
LPSOB368,3,Canada,45.15,-81.57,BOLD,#E2856E
LPSOC025,3,Canada,44.377,-80.561,BOLD,#E2856E
LTOL096,26,USA,38.846,-77.306,BOLD,#F497DA
LTOLB512,1,South_Korea,36.628,127.454,BOLD,#88A2AA
LWME01000000,3,USA,32.90516,-96.81546,This_study,#E2856E
NLLEA1464,2,Netherlands,51.988,5.667,BOLD,#ADA296
NLLEA1482,1,Netherlands,52.31,4.57,BOLD,#88A2AA
NLLEA1492,1,Netherlands,51.977,5.836,BOLD,#88A2AA
OXB1141,2,Italy,42.577,11.142,BOLD,#ADA296
OXB1177,2,Italy,44.137,9.9,BOLD,#ADA296
OXB1237,34,Italy,40.579,9.649,BOLD,#F497DA
OXB679,1,Italy,37.62,13.05,BOLD,#88A2AA
OXB688,14,Italy,37.493,13.684,BOLD,#FFCCC9
OXB692,25,Tunisia,35.425,9.571,BOLD,#F497DA
OXB694,2,Tunisia,36.907,9.176,BOLD,#ADA296
OXB859,81,Italy,43.43,9.9,BOLD,#F497DA
OXB896,50,Italy,42.428,11.159,BOLD,#F497DA
PHLAI544,2,Austria,47.429,10.625,BOLD,#ADA296
PHLCD1235,14,Australia,-35.261,149.059,BOLD,#FFCCC9
PHLCD3165,1,Australia,-35.275,149.111,BOLD,#88A2AA
Pr_1,3,USA,42.60513,-85.64005,This_study,#E2856E
Pr_10,27,USA,42.60513,-85.64005,This_study,#F497DA
Pr_1005,1,New_Zealand,-37.15059,175.563079,This_study,#88A2AA
Pr_1010,1,New_Zealand,-37.15059,175.563079,This_study,#88A2AA
Pr_1011,1,New_Zealand,-37.15059,175.563079,This_study,#88A2AA
Pr_1013,1,New_Zealand,-37.15059,175.563079,This_study,#88A2AA
Pr_1014,3,USA,44.23644,-69.35824,This_study,#E2856E
Pr_1016,3,USA,44.23644,-69.35824,This_study,#E2856E
Pr_1022,3,USA,36.233918,-79.1804859,This_study,#E2856E
Pr_1023,3,USA,36.233918,-79.1804859,This_study,#E2856E
Pr_1024,3,USA,35.919024,-79.069947,This_study,#E2856E
Pr_1026,3,USA,36.233918,-79.1804859,This_study,#E2856E
Pr_1030,3,USA,36.233918,-79.1804859,This_study,#E2856E
Pr_1032,3,USA,35.919024,-79.069947,This_study,#E2856E
Pr_1033,3,USA,36.233918,-79.1804859,This_study,#E2856E
Pr_1038,3,USA,36.233918,-79.1804859,This_study,#E2856E
Pr_1046,3,USA,36.233918,-79.1804859,This_study,#E2856E
Pr_1048,3,USA,36.233918,-79.1804859,This_study,#E2856E
Pr_1049,3,USA,36.233918,-79.1804859,This_study,#E2856E
Pr_1050,3,USA,36.233918,-79.1804859,This_study,#E2856E
Pr_1078,1,Australia,-37.8888,145.3361,This_study,#88A2AA
Pr_1086,1,Australia,-37.9638,145.225,This_study,#88A2AA
Pr_1093,1,Australia,-38.04583,145.1,This_study,#88A2AA
Pr_1098,14,Australia,-37.8972,145.2833,This_study,#FFCCC9
Pr_1109,14,Australia,-34.749872,149.720264,This_study,#FFCCC9
Pr_1115,1,Australia,-34.74972,149.72027,This_study,#88A2AA
Pr_1119,14,Australia,-34.74972,149.72027,This_study,#FFCCC9
Pr_1120,14,Australia,-34.749572,149.720264,This_study,#FFCCC9
Pr_1121,51,Australia,-34.74972,149.72027,This_study,#F497DA
Pr_1125,3,USA,40.41982,-89.82711,This_study,#E2856E
Pr_1134,2,USA,40.41982,-89.82711,This_study,#ADA296
Pr_1141,3,USA,40.406,-80.095,This_study,#E2856E
Pr_1142,3,USA,33.6147,-117.6376,This_study,#E2856E
Pr_1143,3,USA,39.068838,-108.457602,This_study,#E2856E
Pr_1146,3,USA,39.068838,-108.457602,This_study,#E2856E
Pr_1149,52,USA,39.164722,-108.746944,This_study,#F497DA
Pr_115,3,USA,37.749709,-122.421364,This_study,#E2856E
Pr_1150,3,USA,39.164722,-108.746944,This_study,#E2856E
Pr_1155,2,Gibraltar,36.126916,-5.349197,This_study,#ADA296
Pr_1156,2,Australia,-26.429167,152.761389,This_study,#ADA296
Pr_116,2,USA,37.749709,-122.421364,This_study,#ADA296
Pr_1160,14,Australia,-33.798056,151.106111,This_study,#FFCCC9
Pr_1161,1,Australia,-33.798056,151.106111,This_study,#88A2AA
Pr_1162,14,Australia,-33.798056,151.106111,This_study,#FFCCC9
Pr_1163,1,Taiwan,24.964283,121.447049,This_study,#88A2AA
Pr_1164,1,Taiwan,24.964283,121.447049,This_study,#88A2AA
Pr_1165,53,Taiwan,24.964283,121.447049,This_study,#F497DA
Pr_1166,1,Taiwan,24.964283,121.447049,This_study,#88A2AA
Pr_1167,1,Taiwan,24.964283,121.447049,This_study,#88A2AA
Pr_1168,1,Taiwan,24.964283,121.447049,This_study,#88A2AA
Pr_1169,1,Taiwan,25.016959,121.533851,This_study,#88A2AA
Pr_117,3,USA,45.324377,-92.534277,This_study,#E2856E
Pr_1170,1,Taiwan,24.839438,121.272252,This_study,#88A2AA
Pr_1171,7,Taiwan,24.964283,121.447049,This_study,#2E5339
Pr_1172,53,Taiwan,24.964283,121.447049,This_study,#F497DA
Pr_1173,1,Taiwan,24.964283,121.447049,This_study,#88A2AA
Pr_1174,1,Taiwan,24.964283,121.447049,This_study,#88A2AA
Pr_1175,7,Taiwan,24.964283,121.447049,This_study,#2E5339
Pr_1176,1,Taiwan,24.964283,121.447049,This_study,#88A2AA
Pr_1177,1,Taiwan,25.016959,121.533851,This_study,#88A2AA
Pr_1178,1,Taiwan,25.016959,121.533851,This_study,#88A2AA
Pr_1179,1,Taiwan,25.016959,121.533851,This_study,#88A2AA
Pr_1180,1,Taiwan,25.016959,121.533851,This_study,#88A2AA
Pr_1181,1,Taiwan,25.016959,121.533851,This_study,#88A2AA
Pr_1182,7,Taiwan,25.016959,121.533851,This_study,#2E5339
Pr_1183,1,Taiwan,25.016959,121.533851,This_study,#88A2AA
Pr_1184,53,Taiwan,25.016959,121.533851,This_study,#F497DA
Pr_1186,1,Taiwan,25.016959,121.533851,This_study,#88A2AA
Pr_1187,53,Taiwan,25.016959,121.533851,This_study,#F497DA
Pr_12,3,USA,41.7797,-90.20886,This_study,#E2856E
Pr_1205,3,USA,32.68198,-117.179794,This_study,#E2856E
Pr_1206,3,USA,32.68198,-117.179794,This_study,#E2856E
Pr_1207,5,USA,32.68198,-117.179794,This_study,#0F1A20
Pr_1209,3,USA,38.232,-122.636,This_study,#E2856E
Pr_121,3,USA,41.29811111,-122.3161111,This_study,#E2856E
Pr_1211,14,Australia,-34.744451,150.824807,This_study,#FFCCC9
Pr_1213,14,Australia,-34.744451,150.824807,This_study,#FFCCC9
Pr_1214,14,Australia,-33.616389,150.308056,This_study,#FFCCC9
Pr_1215,1,Australia,-34.777778,150.733611,This_study,#88A2AA
Pr_1216,1,Australia,-34.777778,150.733611,This_study,#88A2AA
Pr_1217,14,Australia,-34.777778,150.733611,This_study,#FFCCC9
Pr_1230,5,USA,34.012398,-118.282847,This_study,#0F1A20
Pr_1231,2,USA,34.012398,-118.282847,This_study,#ADA296
Pr_1232,1,New_Zealand,-37.417628,175.930133,This_study,#88A2AA
Pr_1238,1,New_Zealand,-37.417628,175.930133,This_study,#88A2AA
Pr_1245,1,New_Zealand,-37.417628,175.930133,This_study,#88A2AA
Pr_1249,1,New_Zealand,-37.417628,175.930133,This_study,#88A2AA
Pr_125,2,USA,42.2425,-122.7476389,This_study,#ADA296
Pr_1251,1,New_Zealand,-37.417628,175.930133,This_study,#88A2AA
Pr_1252,1,New_Zealand,-37.417628,175.930133,This_study,#88A2AA
Pr_1259,1,New_Zealand,-37.417628,175.930133,This_study,#88A2AA
Pr_1260,1,New_Zealand,-37.417628,175.930133,This_study,#88A2AA
Pr_1261,1,New_Zealand,-37.417628,175.930133,This_study,#88A2AA
Pr_1262,1,New_Zealand,-37.417628,175.930133,This_study,#88A2AA
Pr_1269,21,Turkey,36.859948,30.767963,This_study,#F497DA
Pr_1270,1,Turkey,36.859948,30.767963,This_study,#88A2AA
Pr_1272,1,Turkey,36.859948,30.767963,This_study,#88A2AA
Pr_1273,2,Turkey,36.859948,30.767963,This_study,#ADA296
Pr_1274,45,Turkey,36.859948,30.767963,This_study,#F9DC5C
Pr_1275,2,Turkey,36.859948,30.767963,This_study,#ADA296
Pr_1276,2,Turkey,36.859948,30.767963,This_study,#ADA296
Pr_1278,36,Turkey,36.859948,30.767963,This_study,#F65BE3
Pr_1279,1,Turkey,36.859948,30.767963,This_study,#88A2AA
Pr_1282,1,Australia,-37.870158,145.11636,This_study,#88A2AA
Pr_1289,1,Australia,-37.85332,145.211248,This_study,#88A2AA
Pr_1308,1,Australia,-37.856451,145.071999,This_study,#88A2AA
Pr_131,3,USA,42.2425,-122.7476389,This_study,#E2856E
Pr_132,3,USA,42.2425,-122.7476389,This_study,#E2856E
Pr_1323,1,Australia,-37.715844,145.051714,This_study,#88A2AA
Pr_1326,1,Australia,-37.861739,144.982937,This_study,#88A2AA
Pr_1327,1,Australia,-37.835964,145.0346,This_study,#88A2AA
Pr_1333,1,Australia,-37.88405,145.14098,This_study,#88A2AA
Pr_1346,3,USA,43.1199752,-73.70442,This_study,#E2856E
Pr_1347,2,USA,43.1199752,-73.70442,This_study,#ADA296
Pr_1348,3,USA,43.1199752,-73.70442,This_study,#E2856E
Pr_1349,5,USA,43.1199752,-73.70442,This_study,#0F1A20
Pr_1350,5,USA,43.1199752,-73.70442,This_study,#0F1A20
Pr_1351,2,USA,43.1199752,-73.70442,This_study,#ADA296
Pr_1352,5,USA,43.1199752,-73.70442,This_study,#0F1A20
Pr_1354,36,USA,43.1199752,-73.70442,This_study,#F65BE3
Pr_1355,3,USA,43.1199752,-73.70442,This_study,#E2856E
Pr_1356,5,USA,43.1199752,-73.70442,This_study,#0F1A20
Pr_1358,2,Canada,52.1188,-106.6489,This_study,#ADA296
Pr_1360,3,Canada,52.1188,-106.6489,This_study,#E2856E
Pr_1361,3,Canada,52.1188,-106.6489,This_study,#E2856E
Pr_1362,3,Canada,52.1188,-106.6489,This_study,#E2856E
Pr_1363,3,Canada,52.1188,-106.6489,This_study,#E2856E
Pr_1364,3,Canada,52.1188,-106.6489,This_study,#E2856E
Pr_1365,3,Canada,52.1188,-106.6489,This_study,#E2856E
Pr_1366,5,Canada,52.1188,-106.6489,This_study,#0F1A20
Pr_1367,4,Canada,52.1188,-106.6489,This_study,#F42C04
Pr_1381,15,Italy,46.654381,11.042914,This_study,#F497DA
Pr_1382,14,Italy,46.654381,11.042914,This_study,#FFCCC9
Pr_1383,2,Italy,46.654381,11.042914,This_study,#ADA296
Pr_1384,2,Italy,46.654381,11.042914,This_study,#ADA296
Pr_1385,2,Italy,46.654381,11.042914,This_study,#ADA296
Pr_1386,14,Italy,46.654381,11.042914,This_study,#FFCCC9
Pr_1387,3,USA,41.70956,-86.23815,This_study,#E2856E
Pr_1394,3,USA,40.39024,-89.88538,This_study,#E2856E
Pr_14,2,USA,41.37005,-90.53541,This_study,#ADA296
Pr_1403,3,USA,40.39127,-89.91068,This_study,#E2856E
Pr_1427,3,USA,40.4817575,-96.7125409,This_study,#E2856E
Pr_1428,5,USA,40.4817575,-96.7125409,This_study,#0F1A20
Pr_1429,3,USA,40.4817575,-96.7125409,This_study,#E2856E
Pr_1430,54,USA,40.4817575,-96.7125409,This_study,#F497DA
Pr_1431,3,USA,40.4817575,-96.7125409,This_study,#E2856E
Pr_1432,35,USA,45.1139507,-64.3939161,This_study,#F9DC5C
Pr_1433,3,USA,45.1139507,-64.3939161,This_study,#E2856E
Pr_1434,3,USA,45.1139507,-64.3939161,This_study,#E2856E
Pr_1435,5,USA,45.1139507,-64.3939161,This_study,#0F1A20
Pr_1436,3,USA,45.1139507,-64.3939161,This_study,#E2856E
Pr_1437,3,USA,45.1139507,-64.3939161,This_study,#E2856E
Pr_1438,35,USA,45.1139507,-64.3939161,This_study,#F9DC5C
Pr_1439,3,USA,45.1139507,-64.3939161,This_study,#E2856E
Pr_1440,27,USA,45.1139507,-64.3939161,This_study,#F497DA
Pr_1459,3,USA,35.625,-86.248333,This_study,#E2856E
Pr_1460,3,USA,35.625,-86.248333,This_study,#E2856E
Pr_1461,3,USA,35.625,-86.248333,This_study,#E2856E
Pr_1466,2,USA,47.362222,-122.103611,This_study,#ADA296
Pr_1468,2,USA,47.362222,-122.103611,This_study,#ADA296
Pr_1472,3,USA,43.4066,-91.5636,This_study,#E2856E
Pr_1478,3,USA,43.3179,-91.8124,This_study,#E2856E
Pr_1488,3,USA,43.3186,-91.8228,This_study,#E2856E
Pr_1491,3,USA,43.4379,-92.006,This_study,#E2856E
Pr_1496,3,USA,43.4358,-92.3853,This_study,#E2856E
Pr_1497,3,USA,43.4358,-92.3853,This_study,#E2856E
Pr_1498,14,Australia,-26.428611,152.761111,This_study,#FFCCC9
Pr_1499,14,Australia,-26.428611,152.761111,This_study,#FFCCC9
Pr_1500,14,Australia,-26.428611,152.761111,This_study,#FFCCC9
Pr_1501,14,Australia,-26.428611,152.761111,This_study,#FFCCC9
Pr_1502,1,Australia,-26.428611,152.761111,This_study,#88A2AA
Pr_1503,2,Australia,-26.428611,152.761111,This_study,#ADA296
Pr_1504,1,Australia,-26.428611,152.761111,This_study,#88A2AA
Pr_1505,2,Australia,-26.428611,152.761111,This_study,#ADA296
Pr_1506,2,Australia,-26.428611,152.761111,This_study,#ADA296
Pr_1507,2,Australia,-26.428611,152.761111,This_study,#ADA296
Pr_1508,14,Australia,-26.428611,152.761111,This_study,#FFCCC9
Pr_1509,2,Australia,-26.428611,152.761111,This_study,#ADA296
Pr_151,3,USA,40.37830556,-120.5465278,This_study,#E2856E
Pr_1514,14,Australia,-33.657665,150.164732,This_study,#FFCCC9
Pr_1515,1,New_Zealand,-43.53321,172.560738,This_study,#88A2AA
Pr_152,3,USA,40.37830556,-120.5465278,This_study,#E2856E
Pr_1526,1,Australia,-37.024722,145.143333,This_study,#88A2AA
Pr_1527,1,Australia,-37.024444,145.142778,This_study,#88A2AA
Pr_1528,1,Australia,-37.024444,145.142778,This_study,#88A2AA
Pr_1529,1,Australia,-37.024444,145.142778,This_study,#88A2AA
Pr_154,3,USA,40.37830556,-120.5465278,This_study,#E2856E
Pr_168,2,USA,45.36913889,-120.7816389,This_study,#ADA296
Pr_169,4,USA,45.36913889,-120.7816389,This_study,#F42C04
Pr_170,2,USA,45.36913889,-120.7816389,This_study,#ADA296
Pr_171,1,USA,45.77183333,-119.2504167,This_study,#88A2AA
Pr_172,4,USA,45.77183333,-119.2504167,This_study,#F42C04
Pr_174,29,USA,45.77183333,-119.2504167,This_study,#F497DA
Pr_176,4,USA,45.77183333,-119.2504167,This_study,#F42C04
Pr_177,4,USA,45.77183333,-119.2504167,This_study,#F42C04
Pr_178,3,USA,45.77183333,-119.2504167,This_study,#E2856E
Pr_179,4,USA,45.77183333,-119.2504167,This_study,#F42C04
Pr_180,5,USA,45.77183333,-119.2504167,This_study,#0F1A20
Pr_1800,2,USA,45.450732,-99.33655,This_study,#ADA296
Pr_1801,3,USA,45.450732,-99.33655,This_study,#E2856E
Pr_1802,3,USA,45.450732,-99.33655,This_study,#E2856E
Pr_1803,3,USA,45.450732,-99.33655,This_study,#E2856E
Pr_1804,3,USA,45.450732,-99.33655,This_study,#E2856E
Pr_1805,55,USA,45.450732,-99.33655,This_study,#F497DA
Pr_1806,3,USA,45.450732,-99.33655,This_study,#E2856E
Pr_1807,1,Australia,-37.20512,145.00456,This_study,#88A2AA
Pr_1808,14,Australia,-37.20512,145.00456,This_study,#FFCCC9
Pr_1809,1,Australia,-37.20512,145.00456,This_study,#88A2AA
Pr_181,2,USA,45.77183333,-119.2504167,This_study,#ADA296
Pr_1810,1,Australia,-37.20512,145.00456,This_study,#88A2AA
Pr_1814,1,Australia,-37.20512,145.00456,This_study,#88A2AA
Pr_1815,1,Australia,-37.20512,145.00456,This_study,#88A2AA
Pr_1816,1,Australia,-37.20512,145.00456,This_study,#88A2AA
Pr_182,3,USA,45.77183333,-119.2504167,This_study,#E2856E
Pr_183,4,USA,45.77183333,-119.2504167,This_study,#F42C04
Pr_1834,3,USA,30.977239,-84.530178,This_study,#E2856E
Pr_1835,3,USA,30.977239,-84.530178,This_study,#E2856E
Pr_1836,3,USA,30.977239,-84.530178,This_study,#E2856E
Pr_1837,3,USA,30.977239,-84.530178,This_study,#E2856E
Pr_1838,3,USA,30.977239,-84.530178,This_study,#E2856E
Pr_1839,3,USA,30.977239,-84.530178,This_study,#E2856E
Pr_1840,3,USA,30.977239,-84.530178,This_study,#E2856E
Pr_1841,3,USA,30.977239,-84.530178,This_study,#E2856E
Pr_1842,3,USA,30.977239,-84.530178,This_study,#E2856E
Pr_1843,3,USA,30.977239,-84.530178,This_study,#E2856E
Pr_1844,3,USA,29.634104,-82.419571,This_study,#E2856E
Pr_1845,14,Australia,-35.26262,149.06341,This_study,#FFCCC9
Pr_1848,14,Australia,-35.26262,149.06341,This_study,#FFCCC9
Pr_1849,2,Australia,-35.26262,149.06341,This_study,#ADA296
Pr_1850,14,Australia,-35.26262,149.06341,This_study,#FFCCC9
Pr_1851,14,Australia,-35.26262,149.06341,This_study,#FFCCC9
Pr_1852,1,Australia,-35.26262,149.06341,This_study,#88A2AA
Pr_1854,2,New_Zealand,-41.306,174.763,This_study,#ADA296
Pr_1855,1,New_Zealand,-41.306,174.766,This_study,#88A2AA
Pr_1856,3,USA,40.74542,-89.568677,This_study,#E2856E
Pr_1859,3,USA,45.529169,-84.46795,This_study,#E2856E
Pr_1860,3,USA,45.529169,-84.46795,This_study,#E2856E
Pr_1861,3,USA,45.529169,-84.46795,This_study,#E2856E
Pr_1864,3,USA,45.529169,-84.46795,This_study,#E2856E
Pr_1865,3,USA,45.529169,-84.46795,This_study,#E2856E
Pr_1866,3,USA,45.529169,-84.46795,This_study,#E2856E
Pr_1867,3,USA,45.529169,-84.46795,This_study,#E2856E
Pr_1868,4,USA,45.529169,-84.46795,This_study,#F42C04
Pr_1869,3,USA,45.529169,-84.46795,This_study,#E2856E
Pr_1870,3,USA,45.529169,-84.46795,This_study,#E2856E
Pr_1871,3,USA,45.529169,-84.46795,This_study,#E2856E
Pr_1872,3,USA,45.529169,-84.46795,This_study,#E2856E
Pr_1873,3,USA,45.529169,-84.46795,This_study,#E2856E
Pr_1874,3,USA,45.529169,-84.46795,This_study,#E2856E
Pr_1875,3,USA,40.68463,-99.82957,This_study,#E2856E
Pr_1876,3,USA,35.27438,-86.464454,This_study,#E2856E
Pr_1877,3,USA,37.34889,-122.0225,This_study,#E2856E
Pr_1878,50,England,52.01358,0.246583,This_study,#F497DA
Pr_1879,4,England,52.01358,0.246583,This_study,#F42C04
Pr_1880,2,England,52.01358,0.246583,This_study,#ADA296
Pr_1881,31,England,52.01358,0.246583,This_study,#F9DC5C
Pr_1882,1,England,52.01358,0.246583,This_study,#88A2AA
Pr_1883,31,England,52.01358,0.246583,This_study,#F9DC5C
Pr_1884,47,England,52.01358,0.246583,This_study,#3A2D32
Pr_1885,56,England,52.01358,0.246583,This_study,#F497DA
Pr_1886,2,England,52.01358,0.246583,This_study,#ADA296
Pr_1887,57,England,52.01358,0.246583,This_study,#F497DA
Pr_1888,36,England,52.01358,0.246583,This_study,#F65BE3
Pr_1889,4,England,52.01358,0.246583,This_study,#F42C04
Pr_1890,36,England,52.01358,0.246583,This_study,#F65BE3
Pr_1891,1,England,52.01358,0.246583,This_study,#88A2AA
Pr_1892,4,England,52.01358,0.246583,This_study,#F42C04
Pr_1895,3,USA,37.23929,-80.45876,This_study,#E2856E
Pr_1896,3,USA,37.23929,-80.45876,This_study,#E2856E
Pr_1897,3,USA,37.23929,-80.45876,This_study,#E2856E
Pr_1899,3,USA,40.02461,-105.2312,This_study,#E2856E
Pr_1901,3,USA,40.5772,-105.0799,This_study,#E2856E
Pr_1902,14,USA,40.5772,-105.0799,This_study,#FFCCC9
Pr_1910,3,Carolina_Biological,NA,NA,This_study,NA
Pr_1911,3,Carolina_Biological,NA,NA,This_study,NA
Pr_1912,3,Carolina_Biological,NA,NA,This_study,NA
Pr_1913,3,Carolina_Biological,NA,NA,This_study,NA
Pr_1915,25,Algeria,36.446,4.113,This_study,#F497DA
Pr_1916,2,Algeria,36.63,4.598,This_study,#ADA296
Pr_1917,2,Italy,42.364,10.9,This_study,#ADA296
Pr_1918,2,France,44.201,7.074,This_study,#ADA296
Pr_1919,4,France,42.925,2.958,This_study,#F42C04
Pr_1920,2,France,43.516,3.668,This_study,#ADA296
Pr_1921,2,Tunisia,37.252,9.79,This_study,#ADA296
Pr_1922,25,Tunisia,37.164,10.11,This_study,#F497DA
Pr_1923,2,Tunisia,35.931,8.544,This_study,#ADA296
Pr_1924,2,Italy,42.458,11.421,This_study,#ADA296
Pr_1925,35,Algeria,33.104,6.088,This_study,#F9DC5C
Pr_1926,2,Sweden,59.630212,18.520505,This_study,#ADA296
Pr_1927,49,Sweden,59.749,18.656,This_study,#F497DA
Pr_1928,59,Greece,41.312,24.052,This_study,#F497DA
Pr_1929,23,Bulgaria,41.766,23.402,This_study,#F497DA
Pr_1930,2,Bulgaria,41.474,24.062,This_study,#ADA296
Pr_1931,2,Bulgaria,41.474,24.062,This_study,#ADA296
Pr_1932,15,Bulgaria,41.612,24.181,This_study,#F497DA
Pr_1933,60,Bulgaria,41.611,25.654,This_study,#F497DA
Pr_1934,24,Bulgaria,41.611,25.654,This_study,#F497DA
Pr_1935,1,Bulgaria,41.611,25.654,This_study,#88A2AA
Pr_1936,2,Greece,40.961,26.066,This_study,#ADA296
Pr_1937,61,Greece,40.227,20.955,This_study,#F497DA
Pr_1938,4,Greece,41.14,26.244,This_study,#F42C04
Pr_1939,2,Greece,40.564,21.23,This_study,#ADA296
Pr_1940,2,Greece,39.221,20.84,This_study,#ADA296
Pr_1941,36,Romania,44.4681,28.4859,This_study,#F65BE3
Pr_1942,2,Greece,39.1328,22.8374,This_study,#ADA296
Pr_1943,2,Greece,40.3201,21.6486,This_study,#ADA296
Pr_1944,5,Greece,38.4791,22.5057,This_study,#0F1A20
Pr_1945,2,Greece,38.0213,22.2328,This_study,#ADA296
Pr_1946,2,Algeria,35.19,1.13,This_study,#ADA296
Pr_1947,25,Algeria,35.75,4.55,This_study,#F497DA
Pr_1948,35,Algeria,35.86,4.75,This_study,#F9DC5C
Pr_1949,1,China,27.938591,108.615073,This_study,#88A2AA
Pr_195,4,USA,45.96372222,-121.4738889,This_study,#F42C04
Pr_1950,1,China,27.938591,108.615073,This_study,#88A2AA
Pr_1951,1,China,27.938591,108.615073,This_study,#88A2AA
Pr_1952,1,China,27.938591,108.615073,This_study,#88A2AA
Pr_1953,62,China,27.938591,108.615073,This_study,#F497DA
Pr_1954,63,China,27.938591,108.615073,This_study,#F497DA
Pr_1956,7,China,31.493765,98.218198,This_study,#2E5339
Pr_1957,1,China,31.493765,98.218198,This_study,#88A2AA
Pr_1958,1,China,31.493765,98.218198,This_study,#88A2AA
Pr_1959,1,China,31.493765,98.218198,This_study,#88A2AA
Pr_196,4,USA,45.96372222,-121.4738889,This_study,#F42C04
Pr_1960,7,China,31.493765,98.218198,This_study,#2E5339
Pr_1961,1,China,31.493765,98.218198,This_study,#88A2AA
Pr_1963,1,China,31.493765,98.218198,This_study,#88A2AA
Pr_1964,1,China,31.493765,98.218198,This_study,#88A2AA
Pr_1965,64,China,31.493765,98.218198,This_study,#F497DA
Pr_1966,1,China,31.493765,98.218198,This_study,#88A2AA
Pr_1967,7,China,43.820784,127.414457,This_study,#2E5339
Pr_1968,2,Ukraine,51.01,31.9,This_study,#ADA296
Pr_1969,2,Ukraine,50.183333,36.4,This_study,#ADA296
Pr_1970,47,England,51.75,-1.18,This_study,#3A2D32
Pr_1971,2,England,51.74,-0.8,This_study,#ADA296
Pr_1972,5,England,50.57,-3.9,This_study,#0F1A20
Pr_1973,2,Italy,40.667098,16.613885,This_study,#ADA296
Pr_1974,14,Spain,40.33617899,-5.785733974,This_study,#FFCCC9
Pr_1975,1,Spain,40.02397497,-5.729586035,This_study,#88A2AA
Pr_1976,14,France,43.68245803,-0.999665,This_study,#FFCCC9
Pr_1977,2,France,46.29894898,-1.096663987,This_study,#ADA296
Pr_1978,2,France,46.432597,-1.026680963,This_study,#ADA296
Pr_1979,14,France,44.49607101,0.153514976,This_study,#FFCCC9
Pr_1980,2,France,46.365411,5.898327,This_study,#ADA296
Pr_1981,1,Italy,43.4477,11.8043,This_study,#88A2AA
Pr_1982,1,Spain,41.528,1.23,This_study,#88A2AA
Pr_1984,1,Spain,40.6181,-2.7201,This_study,#88A2AA
Pr_1985,65,Spain,39.1895,-1.7449,This_study,#F497DA
Pr_1986,2,Spain,39.5394,-3.2398,This_study,#ADA296
Pr_1987,14,Spain,41.2908,-1.5117,This_study,#FFCCC9
Pr_1988,2,Spain,41.6121,1.1821,This_study,#ADA296
Pr_1989,36,Italy,44.931,10.366,This_study,#F65BE3
Pr_199,4,USA,45.96372222,-121.4738889,This_study,#F42C04
Pr_1990,3,Mexico,30.41427,-107.88851,This_study,#E2856E
Pr_1991,3,Mexico,30.41427,-107.88851,This_study,#E2856E
Pr_1992,3,Mexico,30.854607,-108.37686,This_study,#E2856E
Pr_1993,4,Mexico,24.086366,-104.56782,This_study,#F42C04
Pr_1994,1,Poland,52.873,14.2025,This_study,#88A2AA
Pr_1995,1,Poland,52.3024,16.8919,This_study,#88A2AA
Pr_1996,2,Poland,53.3884,21.576,This_study,#ADA296
Pr_1997,1,Poland,53.3664,22.542,This_study,#88A2AA
Pr_1998,2,Poland,51.449,21.994,This_study,#ADA296
Pr_1999,2,Poland,50.906,20.942,This_study,#ADA296
Pr_2,3,USA,42.60513,-85.64005,This_study,#E2856E
Pr_20,3,USA,40.39252,-89.92206,This_study,#E2856E
Pr_200,2,USA,45.96372222,-121.4738889,This_study,#ADA296
Pr_2000,1,Poland,49.6088,19.4961,This_study,#88A2AA
Pr_2001,2,Poland,53.4873,16.5533,This_study,#ADA296
Pr_2002,2,Poland,53.1589,17.8237,This_study,#ADA296
Pr_2003,66,Poland,53.2424,19.2924,This_study,#F497DA
Pr_2004,14,Poland,53.4547,20.7364,This_study,#FFCCC9
Pr_2005,23,Poland,49.6088,19.4961,This_study,#F497DA
Pr_2006,2,Algeria,36.911389,7.756667,This_study,#ADA296
Pr_2007,22,China,31.14,104.4,This_study,#F9DC5C
Pr_2008,1,China,36.76,118,This_study,#88A2AA
Pr_2010,47,Japan,36.26,137.97,This_study,#3A2D32
Pr_2011,1,Japan,37.97,139.33,This_study,#88A2AA
Pr_2012,1,Japan,37.97,139.33,This_study,#88A2AA
Pr_2013,25,Tunisia,37.177,9.725,This_study,#F497DA
Pr_2014,1,Morocco,31.262,-7.82,This_study,#88A2AA
Pr_2015,2,Algeria,36.594,4.608,This_study,#ADA296
Pr_2016,35,Algeria,36.257,5.245,This_study,#F9DC5C
Pr_2017,1,Algeria,36.329,5.36,This_study,#88A2AA
Pr_2018,25,Algeria,35.326,4.297,This_study,#F497DA
Pr_2019,25,Tunisia,35.411,8.604,This_study,#F497DA
Pr_202,3,USA,48.35322222,-120.0393611,This_study,#E2856E
Pr_2020,1,Tunisia,33.407,9.008,This_study,#88A2AA
Pr_2021,2,Tunisia,33.942,8.173,This_study,#ADA296
Pr_2022,25,Tunisia,34.345,8.329,This_study,#F497DA
Pr_2023,25,Tunisia,35.425,9.571,This_study,#F497DA
Pr_2024,25,Tunisia,36.116,9.656,This_study,#F497DA
Pr_2025,25,Tunisia,36.415,9.916,This_study,#F497DA
Pr_2026,2,Greece,35.3,23.7,This_study,#ADA296
Pr_2027,67,Greece,35.31,23.81,This_study,#F497DA
Pr_2028,25,Morocco,35.702,-5.629,This_study,#F497DA
Pr_2029,14,Morocco,35.469,-5.817,This_study,#FFCCC9
Pr_2030,68,Algeria,35.22,4.19,This_study,#F497DA
Pr_2031,2,Italy,38.01,12.33,This_study,#ADA296
Pr_2032,2,Morocco,32.993,-5.075,This_study,#ADA296
Pr_2033,2,Morocco,33.48,-5.023,This_study,#ADA296
Pr_2034,25,Morocco,34.078,-4.12,This_study,#F497DA
Pr_2035,25,Morocco,34.121,-4.039,This_study,#F497DA
Pr_2036,25,Morocco,34.145,-4.01,This_study,#F497DA
Pr_2037,25,Morocco,34.817,-2.412,This_study,#F497DA
Pr_2038,25,Morocco,34.994,-4.832,This_study,#F497DA
Pr_2039,25,Morocco,35.119,-5.194,This_study,#F497DA
Pr_204,2,USA,48.35322222,-120.0393611,This_study,#ADA296
Pr_2040,9,France,42.076,9.194,This_study,#2E5339
Pr_2041,2,Italy,39.188,9.146,This_study,#ADA296
Pr_2042,1,Malta,36.042,14.274,This_study,#88A2AA
Pr_2043,2,Malta,36.042,14.274,This_study,#ADA296
Pr_2044,2,Malta,36.042,14.274,This_study,#ADA296
Pr_2045,36,Malta,36.042,14.274,This_study,#F65BE3
Pr_2047,36,Malta,35.859,14.4,This_study,#F65BE3
Pr_2048,2,Malta,35.859,14.4,This_study,#ADA296
Pr_2049,2,Spain,37.101,-3.529,This_study,#ADA296
Pr_2050,25,Morocco,33.662,-4.854,This_study,#F497DA
Pr_2052,2,Malta,35.902,14.407,This_study,#ADA296
Pr_2053,2,Malta,35.902,14.407,This_study,#ADA296
Pr_2054,2,Romania,47.755941,23.60743,This_study,#ADA296
Pr_2055,2,France,44.39,5.49,This_study,#ADA296
Pr_2056,24,Estonia,57.733,27.358,This_study,#F497DA
Pr_2057,9,Estonia,57.733,27.358,This_study,#2E5339
Pr_2058,2,Estonia,57.733,27.358,This_study,#ADA296
Pr_2059,69,Estonia,57.841,27.464,This_study,#F497DA
Pr_2060,14,France,43.596,5.167,This_study,#FFCCC9
Pr_2061,65,Spain,42.047,-8.939,This_study,#F497DA
Pr_2062,2,Romania,45.299,22.894,This_study,#ADA296
Pr_2063,2,Romania,46.743,25.664,This_study,#ADA296
Pr_2064,2,Tunisia,36.782,8.751,This_study,#ADA296
Pr_2065,37,Spain,42.417,-5.305,This_study,#F497DA
Pr_2066,14,Spain,36.838,-5.349,This_study,#FFCCC9
Pr_2067,14,Romania,44.93971,26.028603,This_study,#FFCCC9
Pr_2068,2,Romania,45.181,24.114,This_study,#ADA296
Pr_2069,70,Romania,46.779476,23.964765,This_study,#F497DA
Pr_2070,14,Romania,45.094,26.533,This_study,#FFCCC9
Pr_2071,2,Romania,44.061,27.649,This_study,#ADA296
Pr_2072,2,Romania,45.175,22.301,This_study,#ADA296
Pr_2073,2,Romania,47.183,27.483,This_study,#ADA296
Pr_2074,4,Romania,47.383,25.483,This_study,#F42C04
Pr_2075,4,France,42.388,2.102,This_study,#F42C04
Pr_2076,3,USA,19.2166,-155.4775,This_study,#E2856E
Pr_2077,3,Mexico,20.480184,-101.404149,This_study,#E2856E
Pr_2078,1,USA,20.9297,-156.6726,This_study,#88A2AA
Pr_2079,3,Mexico,20.480184,-101.404149,This_study,#E2856E
Pr_208,4,USA,48.50477778,-119.5023056,This_study,#F42C04
Pr_2080,3,USA,20.9297,-156.6726,This_study,#E2856E
Pr_2081,3,USA,20.2044,-155.7353,This_study,#E2856E
Pr_2082,3,USA,19.4927,-155.3854,This_study,#E2856E
Pr_2083,3,USA,20.2044,-155.7353,This_study,#E2856E
Pr_2084,3,USA,20.2044,-155.7353,This_study,#E2856E
Pr_2087,3,USA,42.319048,-83.237884,This_study,#E2856E
Pr_2089,1,Russia,59.4458,94.0734,This_study,#88A2AA
Pr_209,4,USA,48.50477778,-119.5023056,This_study,#F42C04
Pr_2096,2,Russia,53.9067,56.4749,This_study,#ADA296
Pr_2099,2,Russia,53.9067,56.4749,This_study,#ADA296
Pr_2100,2,Russia,53.9067,56.4749,This_study,#ADA296
Pr_2101,71,Russia,62.020864,129.602059,This_study,#F497DA
Pr_2102,71,Russia,62.020864,129.602059,This_study,#F497DA
Pr_2103,47,Russia,62.020864,129.602059,This_study,#3A2D32
Pr_2104,71,Russia,62.020864,129.602059,This_study,#F497DA
Pr_2105,47,Russia,62.020864,129.602059,This_study,#3A2D32
Pr_2106,47,Russia,62.020864,129.602059,This_study,#3A2D32
Pr_2107,71,Russia,62.020864,129.602059,This_study,#F497DA
Pr_2108,71,Russia,62.020864,129.602059,This_study,#F497DA
Pr_2109,47,Russia,62.020864,129.602059,This_study,#3A2D32
Pr_2110,71,Russia,62.020864,129.602059,This_study,#F497DA
Pr_2111,72,South_Korea,36.447821,126.880218,This_study,#F497DA
Pr_2112,73,South_Korea,36.447821,126.880218,This_study,#F497DA
Pr_2113,1,South_Korea,36.606309,129.391969,This_study,#88A2AA
Pr_2115,1,South_Korea,37.168161,128.374475,This_study,#88A2AA
Pr_2116,1,South_Korea,37.774541,127.78335,This_study,#88A2AA
Pr_2117,74,South_Korea,37.167431,127.063413,This_study,#F497DA
Pr_2118,75,South_Korea,33.428639,126.471399,This_study,#F497DA
Pr_2119,1,South_Korea,37.773862,127.785163,This_study,#88A2AA
Pr_2120,1,South_Korea,33.482968,126.711999,This_study,#88A2AA
Pr_2157,1,New_Zealand,-43.520866,172.581255,This_study,#88A2AA
Pr_2158,1,New_Zealand,-43.520866,172.581255,This_study,#88A2AA
Pr_2159,1,New_Zealand,-43.520866,172.581255,This_study,#88A2AA
Pr_2160,1,New_Zealand,-43.520866,172.581255,This_study,#88A2AA
Pr_2161,1,New_Zealand,-43.520866,172.581255,This_study,#88A2AA
Pr_2162,1,New_Zealand,-43.520866,172.581255,This_study,#88A2AA
Pr_2163,1,New_Zealand,-43.520866,172.581255,This_study,#88A2AA
Pr_2164,1,New_Zealand,-43.520866,172.581255,This_study,#88A2AA
Pr_2191,2,Australia,-41.20309,146.3552,This_study,#ADA296
Pr_2192,1,Australia,-41.20309,146.3552,This_study,#88A2AA
Pr_2195,1,Australia,-41.20309,146.3552,This_study,#88A2AA
Pr_2196,2,Australia,-41.20309,146.3552,This_study,#ADA296
Pr_2197,2,Australia,-41.20309,146.3552,This_study,#ADA296
Pr_2198,1,Australia,-41.20309,146.3552,This_study,#88A2AA
Pr_2199,1,Australia,-41.20309,146.3552,This_study,#88A2AA
Pr_2200,1,Australia,-41.20309,146.3552,This_study,#88A2AA
Pr_2201,1,Australia,-41.20309,146.3552,This_study,#88A2AA
Pr_2202,1,Australia,-41.20309,146.3552,This_study,#88A2AA
Pr_221,5,USA,47.75908333,-118.7105278,This_study,#0F1A20
Pr_231,4,USA,47.75908333,-118.7105278,This_study,#F42C04
Pr_249,3,USA,47.34913889,-118.0241667,This_study,#E2856E
Pr_250,4,USA,47.34913889,-118.0241667,This_study,#F42C04
Pr_254,3,USA,41.72636111,-115.8958333,This_study,#E2856E
Pr_255,3,USA,39.036944,-108.528333,This_study,#E2856E
Pr_256,3,USA,39.036944,-108.528333,This_study,#E2856E
Pr_257,3,USA,39.036944,-108.528333,This_study,#E2856E
Pr_261,3,USA,39.036944,-108.528333,This_study,#E2856E
Pr_275,76,Canada,43.382483,-80.353867,This_study,#F497DA
Pr_278,5,Canada,43.382483,-80.353867,This_study,#0F1A20
Pr_28,3,USA,41.708636,-86.246944,This_study,#E2856E
Pr_281,3,Canada,43.382483,-80.353867,This_study,#E2856E
Pr_293,5,Canada,43.382483,-80.384833,This_study,#0F1A20
Pr_294,30,Canada,43.382483,-80.384833,This_study,#F497DA
Pr_298,27,Canada,43.382483,-80.384833,This_study,#F497DA
Pr_3,2,USA,42.60513,-85.64005,This_study,#ADA296
Pr_301,3,Canada,43.382483,-80.384833,This_study,#E2856E
Pr_309,3,Canada,43.382483,-80.384833,This_study,#E2856E
Pr_321,2,Canada,43.382483,-80.384833,This_study,#ADA296
Pr_322,3,USA,38.95527,-95.24313,This_study,#E2856E
Pr_323,3,USA,38.9596,-95.23947,This_study,#E2856E
Pr_325,3,USA,38.89919,-95.23815,This_study,#E2856E
Pr_326,3,USA,38.88358,-95.24658,This_study,#E2856E
Pr_340,3,USA,38.93933,-95.33943,This_study,#E2856E
Pr_347,3,USA,38.96371,-95.24075,This_study,#E2856E
Pr_357,3,USA,38.82038,-119.77905,This_study,#E2856E
Pr_358,3,USA,39.505221,-119.819734,This_study,#E2856E
Pr_359,3,USA,39.23162,-120.76159,This_study,#E2856E
Pr_361,3,USA,39.51921,-118.52766,This_study,#E2856E
Pr_363,3,USA,39.48045,-118.66911,This_study,#E2856E
Pr_364,3,USA,39.51921,-118.52766,This_study,#E2856E
Pr_369,3,USA,39.685333,-119.830258,This_study,#E2856E
Pr_370,3,USA,39.685333,-119.830258,This_study,#E2856E
Pr_371,3,USA,39.685333,-119.830258,This_study,#E2856E
Pr_372,3,USA,39.685333,-119.830258,This_study,#E2856E
Pr_373,3,USA,39.685333,-119.830258,This_study,#E2856E
Pr_374,3,USA,39.685333,-119.830258,This_study,#E2856E
Pr_375,3,USA,39.685333,-119.830258,This_study,#E2856E
Pr_376,3,USA,39.685333,-119.830258,This_study,#E2856E
Pr_377,3,USA,39.685333,-119.830258,This_study,#E2856E
Pr_383,3,USA,41.7627,-72.6743,This_study,#E2856E
Pr_384,3,USA,41.7627,-72.6743,This_study,#E2856E
Pr_385,3,USA,41.7627,-72.6743,This_study,#E2856E
Pr_386,3,USA,41.7627,-72.6743,This_study,#E2856E
Pr_391,3,USA,41.7627,-72.6743,This_study,#E2856E
Pr_392,3,USA,38.6,-121.47,This_study,#E2856E
Pr_4,2,USA,42.60513,-85.64005,This_study,#ADA296
Pr_40,3,USA,40.05214,-77.96114,This_study,#E2856E
Pr_41,3,USA,40.05214,-77.96114,This_study,#E2856E
Pr_416,3,USA,38.58,-121.75,This_study,#E2856E
Pr_417,3,USA,38.58,-121.75,This_study,#E2856E
Pr_42,3,USA,40.05214,-77.96114,This_study,#E2856E
Pr_43,3,USA,40.05214,-77.96114,This_study,#E2856E
Pr_440,3,USA,38.18,-122.03,This_study,#E2856E
Pr_441,3,USA,38.18,-122.03,This_study,#E2856E
Pr_442,3,USA,38.18,-122.03,This_study,#E2856E
Pr_447,3,USA,39.27,-120.35,This_study,#E2856E
Pr_448,3,USA,39.27,-120.35,This_study,#E2856E
Pr_473,3,USA,42.30642,-84.04108,This_study,#E2856E
Pr_474,3,USA,42.30642,-84.04108,This_study,#E2856E
Pr_475,2,USA,37.713641,-122.401147,This_study,#ADA296
Pr_496,3,USA,44.392537,-73.093715,This_study,#E2856E
Pr_5,3,USA,42.60513,-85.64005,This_study,#E2856E
Pr_50,3,USA,40.19894,-76.70154,This_study,#E2856E
Pr_507,3,USA,44.392537,-73.093715,This_study,#E2856E
Pr_51,3,USA,40.19847,-76.68372,This_study,#E2856E
Pr_514,3,USA,44.888005,-68.659208,This_study,#E2856E
Pr_518,3,USA,44.888005,-68.659208,This_study,#E2856E
Pr_525,3,USA,41.617222,-85.786389,This_study,#E2856E
Pr_531,3,USA,41.6775,-85.593333,This_study,#E2856E
Pr_538,3,USA,41.683333,-85.665278,This_study,#E2856E
Pr_540,3,USA,43.586118,-70.20567,This_study,#E2856E
Pr_544,3,USA,44.8968,-67.1262,This_study,#E2856E
Pr_56,3,USA,40.20037,-76.69318,This_study,#E2856E
Pr_568,3,USA,41.678198,-86.222662,This_study,#E2856E
Pr_57,2,USA,40.20104,-76.68916,This_study,#ADA296
Pr_570,3,USA,43.74844,-70.30495,This_study,#E2856E
Pr_589,3,USA,44.99975,-67.443616,This_study,#E2856E
Pr_59,3,USA,40.20016,-76.68369,This_study,#E2856E
Pr_590,3,USA,44.99975,-67.443616,This_study,#E2856E
Pr_593,3,USA,37.352778,-122.026111,This_study,#E2856E
Pr_597,3,Canada,43,-81.29,This_study,#E2856E
Pr_6,3,USA,42.60513,-85.64005,This_study,#E2856E
Pr_606,3,Canada,43.499595,-80.379067,This_study,#E2856E
Pr_608,3,Canada,43.499595,-80.379067,This_study,#E2856E
Pr_614,3,USA,39.321255,-77.279703,This_study,#E2856E
Pr_615,3,USA,39.321255,-77.279703,This_study,#E2856E
Pr_62,3,USA,41.232786,-82.119064,This_study,#E2856E
Pr_63,3,USA,33.871836,-83.106556,This_study,#E2856E
Pr_65,2,USA,41.410575,-81.697364,This_study,#ADA296
Pr_67,3,USA,41.882461,-80.000875,This_study,#E2856E
Pr_68,3,USA,41.882461,-80.000875,This_study,#E2856E
Pr_69,3,USA,41.052653,-81.864631,This_study,#E2856E
Pr_699,3,USA,46.9194,-114.2405,This_study,#E2856E
Pr_7,3,USA,42.60513,-85.64005,This_study,#E2856E
Pr_700,3,USA,21.4092,-157.7992,This_study,#E2856E
Pr_701,3,USA,21.4092,-157.7992,This_study,#E2856E
Pr_702,3,USA,21.4092,-157.7992,This_study,#E2856E
Pr_703,3,USA,21.4092,-157.7992,This_study,#E2856E
Pr_704,3,USA,21.4092,-157.7992,This_study,#E2856E
Pr_706,3,USA,21.4092,-157.7992,This_study,#E2856E
Pr_707,3,USA,21.4092,-157.7992,This_study,#E2856E
Pr_708,3,USA,21.4092,-157.7992,This_study,#E2856E
Pr_709,3,USA,21.4092,-157.7992,This_study,#E2856E
Pr_710,3,USA,38.289131,-85.627215,This_study,#E2856E
Pr_713,3,USA,38.289131,-85.627215,This_study,#E2856E
Pr_717,27,USA,38.289131,-85.627215,This_study,#F497DA
Pr_718,3,USA,38.289131,-85.627215,This_study,#E2856E
Pr_720,3,USA,38.289131,-85.627215,This_study,#E2856E
Pr_722,27,USA,38.289131,-85.627215,This_study,#F497DA
Pr_729,3,USA,38.289131,-85.627215,This_study,#E2856E
Pr_738,3,USA,38.289131,-85.627215,This_study,#E2856E
Pr_739,4,USA,38.289131,-85.627215,This_study,#F42C04
Pr_74,3,USA,41.145514,-81.560106,This_study,#E2856E
Pr_744,3,USA,38.289131,-85.627215,This_study,#E2856E
Pr_747,3,USA,38.289131,-85.627215,This_study,#E2856E
Pr_748,3,USA,38.289131,-85.627215,This_study,#E2856E
Pr_75,3,USA,36.886264,-81.370889,This_study,#E2856E
Pr_750,3,USA,38.289131,-85.627215,This_study,#E2856E
Pr_751,3,USA,38.289131,-85.627215,This_study,#E2856E
Pr_752,3,USA,38.289131,-85.627215,This_study,#E2856E
Pr_759,3,USA,43.7538,-70.48126,This_study,#E2856E
Pr_76,5,USA,36.886264,-81.370889,This_study,#0F1A20
Pr_761,3,USA,43.70454,-70.09908,This_study,#E2856E
Pr_763,2,USA,37.707462,-122.485835,This_study,#ADA296
Pr_764,2,USA,37.707462,-122.485835,This_study,#ADA296
Pr_765,2,USA,37.706864,-122.482968,This_study,#ADA296
Pr_766,3,USA,37.706864,-122.482968,This_study,#E2856E
Pr_767,2,USA,37.702399,-122.469567,This_study,#ADA296
Pr_768,2,USA,37.702399,-122.469567,This_study,#ADA296
Pr_769,2,USA,37.720354,-122.47564,This_study,#ADA296
Pr_770,31,USA,37.712843,-122.471858,This_study,#F9DC5C
Pr_771,2,USA,37.702399,-122.469567,This_study,#ADA296
Pr_772,2,USA,37.70649,-122.467689,This_study,#ADA296
Pr_773,3,USA,45.187506,-70.155181,This_study,#E2856E
Pr_774,2,Portugal,40.012261,-8.7261,This_study,#ADA296
Pr_776,32,England,51.94576,0.44454,This_study,#F497DA
Pr_778,1,England,51.94576,0.44454,This_study,#88A2AA
Pr_779,1,England,51.94576,0.44454,This_study,#88A2AA
Pr_784,33,England,51.94576,0.44454,This_study,#F497DA
Pr_785,5,England,51.94576,0.44454,This_study,#0F1A20
Pr_788,2,Finland,60.227931,25.039943,This_study,#ADA296
Pr_79,28,USA,35.057619,-83.430717,This_study,#F497DA
Pr_792,34,Finland,60.227931,25.039943,This_study,#F497DA
Pr_793,35,Finland,60.227931,25.039943,This_study,#F9DC5C
Pr_794,36,Finland,60.227931,25.039943,This_study,#F65BE3
Pr_795,7,Finland,60.227931,25.039943,This_study,#2E5339
Pr_8,3,USA,42.60513,-85.64005,This_study,#E2856E
Pr_803,3,USA,36.17482,-79.55792,This_study,#E2856E
Pr_81,3,USA,33.918275,-83.27045,This_study,#E2856E
Pr_84,3,USA,33.906608,-83.1894,This_study,#E2856E
Pr_844,7,Spain,42.009148,2.472252,This_study,#2E5339
Pr_857,4,Spain,41.698569,2.431743,This_study,#F42C04
Pr_867,15,Spain,40.581326,-3.25164,This_study,#F497DA
Pr_868,2,Spain,40.579704,-3.253289,This_study,#ADA296
Pr_869,37,Spain,40.580976,-3.252463,This_study,#F497DA
Pr_873,22,Spain,40.900252,-4.017031,This_study,#F9DC5C
Pr_874,14,Spain,40.900321,-4.017843,This_study,#FFCCC9
Pr_876,2,Spain,40.57021,-3.152068,This_study,#ADA296
Pr_877,38,Spain,40.901535,-3.020662,This_study,#F497DA
Pr_879,1,Spain,40.49744,-3.26036,This_study,#88A2AA
Pr_88,3,USA,38.152708,-121.669279,This_study,#E2856E
Pr_880,14,Spain,40.45856,-3.3409,This_study,#FFCCC9
Pr_882,14,Spain,40.45869,-3.34017,This_study,#FFCCC9
Pr_886,39,Japan,36.137822,140.119613,This_study,#F497DA
Pr_887,1,Japan,36.137822,140.119613,This_study,#88A2AA
Pr_888,1,Japan,36.137822,140.119613,This_study,#88A2AA
Pr_889,1,Japan,36.137822,140.119613,This_study,#88A2AA
Pr_891,1,Japan,36.137822,140.119613,This_study,#88A2AA
Pr_892,40,Japan,36.137822,140.119613,This_study,#F497DA
Pr_893,77,Japan,36.137822,140.119613,This_study,#F497DA
Pr_894,47,Japan,36.137822,140.119613,This_study,#3A2D32
Pr_896,5,USA,38.920809,-77.39748,This_study,#0F1A20
Pr_897,3,USA,38.920809,-77.39748,This_study,#E2856E
Pr_898,3,USA,38.920809,-77.39748,This_study,#E2856E
Pr_899,3,USA,38.920809,-77.39748,This_study,#E2856E
Pr_9,2,USA,42.60513,-85.64005,This_study,#ADA296
Pr_900,3,USA,38.920809,-77.39748,This_study,#E2856E
Pr_901,3,USA,38.920809,-77.39748,This_study,#E2856E
Pr_902,3,USA,38.920809,-77.39748,This_study,#E2856E
Pr_903,5,USA,38.920809,-77.39748,This_study,#0F1A20
Pr_904,3,USA,38.920809,-77.39748,This_study,#E2856E
Pr_905,3,USA,38.920809,-77.39748,This_study,#E2856E
Pr_906,3,USA,38.920809,-77.39748,This_study,#E2856E
Pr_908,3,USA,42.059444,-87.8425,This_study,#E2856E
Pr_909,3,USA,42.059444,-87.8425,This_study,#E2856E
Pr_910,1,Australia,-31.985234,115.896047,This_study,#88A2AA
Pr_911,1,Australia,-31.985341,115.896047,This_study,#88A2AA
Pr_912,1,Australia,-31.985234,115.896047,This_study,#88A2AA
Pr_913,1,Australia,-31.985341,115.896047,This_study,#88A2AA
Pr_914,1,Australia,-31.985341,115.896047,This_study,#88A2AA
Pr_915,2,Australia,-31.985234,115.896047,This_study,#ADA296
Pr_916,1,Australia,-31.981734,115.916432,This_study,#88A2AA
Pr_918,41,Georgia,42.000025,45.571631,This_study,#F497DA
Pr_919,1,Georgia,42.000025,45.571631,This_study,#88A2AA
Pr_92,3,USA,38.115698,-121.334887,This_study,#E2856E
Pr_922,22,Georgia,42.000025,45.571631,This_study,#F9DC5C
Pr_923,10,Georgia,42.000025,45.571631,This_study,#F9DC5C
Pr_926,42,Georgia,41.604061,41.586539,This_study,#F9DC5C
Pr_927,43,Georgia,41.604061,41.586539,This_study,#F497DA
Pr_928,22,Georgia,41.604061,41.586539,This_study,#F9DC5C
Pr_929,44,Georgia,41.604061,41.586539,This_study,#F497DA
Pr_930,7,Georgia,41.604061,41.586539,This_study,#2E5339
Pr_931,42,Georgia,41.604061,41.586539,This_study,#F9DC5C
Pr_933,45,Georgia,42.203911,41.94785,This_study,#F9DC5C
Pr_936,42,Georgia,42.275444,41.679339,This_study,#F9DC5C
Pr_937,46,Georgia,42.275444,41.679339,This_study,#F497DA
Pr_938,39,Georgia,42.275444,41.679339,This_study,#F497DA
Pr_939,47,Georgia,42.275444,41.679339,This_study,#3A2D32
Pr_941,2,Georgia,42.275444,41.679339,This_study,#ADA296
Pr_942,42,Georgia,42.275444,41.679339,This_study,#F9DC5C
Pr_944,4,Czech_Republic,49.5,17,This_study,#F42C04
Pr_945,2,Czech_Republic,49.5,17,This_study,#ADA296
Pr_946,48,Czech_Republic,49.5,17,This_study,#F497DA
Pr_947,1,Czech_Republic,49.5,17,This_study,#88A2AA
Pr_948,2,Czech_Republic,49.5,17,This_study,#ADA296
Pr_95,3,USA,38.115698,-121.334887,This_study,#E2856E
Pr_950,9,Czech_Republic,49.5,17,This_study,#2E5339
Pr_951,31,Czech_Republic,49.5,17,This_study,#F9DC5C
Pr_953,2,Czech_Republic,49.5,17,This_study,#ADA296
Pr_954,2,Czech_Republic,49.5,17,This_study,#ADA296
Pr_955,14,Czech_Republic,49.5,17,This_study,#FFCCC9
Pr_956,2,Czech_Republic,49.5,17,This_study,#ADA296
Pr_957,2,Czech_Republic,49.5,17,This_study,#ADA296
Pr_958,18,Czech_Republic,49.5,17,This_study,#F497DA
Pr_959,4,Czech_Republic,49.5,17,This_study,#F42C04
Pr_960,2,Czech_Republic,49.5,17,This_study,#ADA296
Pr_961,2,Czech_Republic,49.5,17,This_study,#ADA296
Pr_962,15,Czech_Republic,49.5,17,This_study,#F497DA
Pr_963,1,Czech_Republic,49.5,17,This_study,#88A2AA
Pr_964,31,Czech_Republic,49.5,17,This_study,#F9DC5C
Pr_965,47,Czech_Republic,49.5,17,This_study,#3A2D32
Pr_966,47,Czech_Republic,49.5,17,This_study,#3A2D32
Pr_967,2,Czech_Republic,49.5,17,This_study,#ADA296
Pr_968,18,Czech_Republic,49.5,17,This_study,#F497DA
Pr_969,36,Czech_Republic,49.5,17,This_study,#F65BE3
Pr_970,1,Czech_Republic,49.5,17,This_study,#88A2AA
Pr_971,36,Czech_Republic,49.5,17,This_study,#F65BE3
Pr_972,36,Czech_Republic,49.5,17,This_study,#F65BE3
Pr_973,2,Czech_Republic,49.5,17,This_study,#ADA296
Pr_974,2,Czech_Republic,49.5,17,This_study,#ADA296
Pr_975,2,Czech_Republic,49.5,17,This_study,#ADA296
Pr_976,9,Czech_Republic,49.5,17,This_study,#2E5339
Pr_977,49,Czech_Republic,49.5,17,This_study,#F497DA
Pr_978,50,Czech_Republic,49.5,17,This_study,#F497DA
Pr_979,2,Czech_Republic,49.5,17,This_study,#ADA296
Pr_980,2,Czech_Republic,49.5,17,This_study,#ADA296
Pr_981,24,Czech_Republic,49.5,17,This_study,#F497DA
Pr_982,4,Czech_Republic,49.5,17,This_study,#F42C04
Pr_983,2,Czech_Republic,49.5,17,This_study,#ADA296
Pr_984,2,Czech_Republic,49.5,17,This_study,#ADA296
Pr_985,2,Czech_Republic,49.5,17,This_study,#ADA296
Pr_986,2,Czech_Republic,49.5,17,This_study,#ADA296
Pr_988,24,Czech_Republic,49.5,17,This_study,#F497DA
Pr_991,3,Canada,43,-81.29,This_study,#E2856E
Pr_992,47,Russia,62.033333,129.333333,This_study,#3A2D32
Pr_993,47,Russia,62.033333,129.333333,This_study,#3A2D32
SCBP033,82,China,22.557,114.058,BOLD,#F497DA
SCBP068,6,China,22.557,114.058,BOLD,#00FDDC
SCBP077,1,China,22.557,114.058,BOLD,#88A2AA
SCBP118,6,China,22.557,114.058,BOLD,#00FDDC
SCBP146,7,China,22.557,114.058,BOLD,#2E5339
SCBP152,6,China,22.557,114.058,BOLD,#00FDDC
SCBP190,1,China,22.557,114.058,BOLD,#88A2AA
SCBP202,6,China,22.557,114.058,BOLD,#00FDDC
SCBP203,6,China,22.557,114.058,BOLD,#00FDDC
SCBP204,6,China,22.557,114.058,BOLD,#00FDDC
SCBP337,8,China,22.551,114.074,BOLD,#F497DA
SCBP357,7,China,22.551,114.074,BOLD,#2E5339
SCBP389,6,China,22.551,114.074,BOLD,#00FDDC
SCBP414,6,China,22.551,114.074,BOLD,#00FDDC
SCBP416,6,China,22.551,114.074,BOLD,#00FDDC
SCBP417,6,China,22.551,114.074,BOLD,#00FDDC
SCBP449,6,China,22.551,114.074,BOLD,#00FDDC
SCBP475,7,China,22.551,114.074,BOLD,#2E5339
SCBP477,6,China,22.551,114.074,BOLD,#00FDDC
SCBP510,7,China,22.551,114.074,BOLD,#2E5339
SCBP835,6,China,22.522,114.021,BOLD,#00FDDC
SZCBP128,7,China,22.537,113.931,BOLD,#2E5339
SZCBP297,1,China,22.546,114.102,BOLD,#88A2AA
SZCBP373,6,China,22.546,114.102,BOLD,#00FDDC
UNI37050,3,USA,32.873,-117.234,BOLD,#E2856E
WMB1065,91,Italy,38.803,15.228,BOLD,#F497DA
WMB1115,36,Italy,36.819,12.006,BOLD,#F65BE3
WMB1130,2,Malta,35.859,14.4,BOLD,#ADA296
WMB1142,2,Malta,36.042,14.274,BOLD,#ADA296
WMB1274,49,Italy,38.485,14.95,BOLD,#F497DA
WMB1275,2,Italy,38.485,14.95,BOLD,#ADA296
WMB133,36,Italy,36.785,11.981,BOLD,#F65BE3
WMB141,15,Italy,37.961,12.067,BOLD,#F497DA
WMB1489,2,Italy,42.364,10.9,BOLD,#ADA296
WMB1491,36,Italy,42.364,10.9,BOLD,#F65BE3
WMB1503,2,Italy,42.428,11.159,BOLD,#ADA296
WMB1552,47,Italy,40.817,8.934,BOLD,#3A2D32
WMB1573,83,Italy,39.867,9.267,BOLD,#F497DA
WMB176,14,Italy,38.238,15.528,BOLD,#FFCCC9
WMB1889,2,Italy,44,10.34,BOLD,#ADA296
WMB190,61,Italy,38.722,16.013,BOLD,#F497DA
WMB1908,1,Italy,35.52,12.55,BOLD,#88A2AA
WMB1945,2,Italy,38.56,14.84,BOLD,#ADA296
WMB1986,79,Italy,42.58,10.08,BOLD,#F497DA
WMB1987,4,Italy,42.58,10.08,BOLD,#F42C04
WMB1988,2,Italy,42.58,10.08,BOLD,#ADA296
WMB1989,2,Italy,42.58,10.08,BOLD,#ADA296
WMB2084,2,Italy,37.97,14.77,BOLD,#ADA296
WMB2177,2,Italy,42.78,10.39,BOLD,#ADA296
WMB2242,14,Italy,42.79,10.17,BOLD,#FFCCC9
WMB2300,36,Malta,35.859,14.4,BOLD,#F65BE3
WMB2313,2,Italy,35.52,12.55,BOLD,#ADA296
WMB2334,4,Italy,38,15.801,BOLD,#F42C04
WMB2357,2,Italy,38.217,15.883,BOLD,#ADA296
WMB2437,89,Italy,36.761,11.998,BOLD,#F497DA
WMB2596,1,Italy,42.78,10.39,BOLD,#88A2AA
WMB2635,2,France,42.456,9.034,BOLD,#ADA296
WMB2762,36,Italy,38.39,14.97,BOLD,#F65BE3
WMB2763,61,Italy,38.39,14.97,BOLD,#F497DA
WMB2773,2,Italy,38.56,14.84,BOLD,#ADA296
WMB2783,10,Italy,42.58,10.08,BOLD,#F9DC5C
WMB2806,1,Italy,38.485,14.918,BOLD,#88A2AA
WMB2817,4,Italy,42.36,10.9,BOLD,#F42C04
WMB2825,1,Italy,40.596,8.283,BOLD,#88A2AA
WMB2896,4,Italy,39.856,9.49,BOLD,#F42C04
WMB2906,2,France,41.91,9.131,BOLD,#ADA296
WMB2914,2,Italy,38,12.33,BOLD,#ADA296
WMB296,49,Italy,39.188,9.146,BOLD,#F497DA
WMB2982,49,France,41.534,8.867,BOLD,#F497DA
WMB3046,49,Italy,43.05,9.82,BOLD,#F497DA
WMB3047,2,Italy,43.05,9.82,BOLD,#ADA296
WMB3048,2,Italy,43.05,9.82,BOLD,#ADA296
WMB321,2,Italy,41.169,9.302,BOLD,#ADA296
WMB3238,2,Tunisia,35.2,8.674,BOLD,#ADA296
WMB325,1,Italy,41.214,9.279,BOLD,#88A2AA
WMB340,2,France,41.377,9.179,BOLD,#ADA296
WMB365,2,France,43.002,9.386,BOLD,#ADA296
WMB3753,14,Tunisia,35.053,9.257,BOLD,#FFCCC9
WMB3783,2,Algeria,36.63,4.598,BOLD,#ADA296
WMB3790,2,Algeria,36.479,3.998,BOLD,#ADA296
WMB3847,61,Italy,43.136,11.56,BOLD,#F497DA
WMB4010,2,Italy,39.93,16.17,BOLD,#ADA296
WMB4184,25,Tunisia,37.01,9.625,BOLD,#F497DA
WMB4193,80,Tunisia,37.164,10.11,BOLD,#F497DA
WMB4228,61,Italy,43.77,10.8,BOLD,#F497DA
WMB4591,1,France,42.52,9.167,BOLD,#88A2AA
WMB4631,61,Italy,38.709,13.179,BOLD,#F497DA
WMB494,14,Italy,38.093,13.26,BOLD,#FFCCC9
WMB510,1,Italy,38.226,13.222,BOLD,#88A2AA
WMB523,85,Italy,35.52,12.55,BOLD,#F497DA
WMB539,1,Italy,38.01,12.33,BOLD,#88A2AA
WMB5408,1,Algeria,35.19,1.13,BOLD,#88A2AA
WMB5421,35,Algeria,35.28,0.92,BOLD,#F9DC5C
WMB5444,2,Algeria,35.75,4.55,BOLD,#ADA296
WMB5499,2,Italy,42.25,11.1,BOLD,#ADA296
WMB554,61,Italy,37.85,14.71,BOLD,#F497DA
WMB573,24,Italy,38.39,14.97,BOLD,#F497DA
WMB586,2,Italy,38.56,14.83,BOLD,#ADA296
WMB612,2,Italy,37.9,14.02,BOLD,#ADA296
WMB747,25,Algeria,35.71,4.52,BOLD,#F497DA
WMB750,2,Algeria,35.71,4.52,BOLD,#ADA296
XAF301,3,Canada,43.537,-80.134,BOLD,#E2856E
XAF375,3,Canada,43.537,-80.134,BOLD,#E2856E
